date,municipality,nighborhood,zone,age,sex,schooling
2019-08-01 00:00:00,BOGOTÁ D.C.,BELLA SUIZA E-1,URBANA,14.0,FEMENINO,NO REPORTADA
2019-08-01 20:00:00,BOGOTÁ D.C.,BOSQUE CALDERON E-2,URBANA,18.0,FEMENINO,SUPERIOR
2019-08-01 17:00:00,BOGOTÁ D.C.,SIERRA MORENA E-19,URBANA,15.0,FEMENINO,SECUNDARIA
2019-08-01 00:00:00,BOGOTÁ D.C.,BELLA SUIZA E-1,URBANA,11.0,FEMENINO,NO REPORTADA
2019-08-01 00:00:00,BOGOTÁ D.C.,BELLA SUIZA E-1,URBANA,15.0,MASCULINO,NO REPORTADA
2019-08-01 00:00:00,BOGOTÁ D.C.,BELLA SUIZA E-1,URBANA,18.0,FEMENINO,NO REPORTADA
2019-08-01 00:00:00,BOGOTÁ D.C.,BELLA SUIZA E-1,URBANA,18.0,MASCULINO,NO REPORTADA
2019-08-01 00:00:00,BOGOTÁ D.C.,PROVIVIENDA NORTE E-16,URBANA,25.0,MASCULINO,NO REPORTADA
2019-08-01 09:00:00,BOGOTÁ D.C.,NUEVO PORVENIR E-5,URBANA,13.0,FEMENINO,NO REPORTADA
2019-08-01 00:00:00,BOGOTÁ D.C.,CIUDADELA INDUSTRIAL EL DORADO E-10,URBANA,2.0,FEMENINO,NO REPORTADA
2019-08-01 00:00:00,BOGOTÁ D.C.,SAN MARTIN DE LOBA E-4,URBANA,11.0,FEMENINO,PRIMARIA
2019-08-01 11:00:00,BOGOTÁ D.C.,CENTRO FONTIBON E-9,URBANA,45.0,FEMENINO,SUPERIOR
2019-08-01 19:00:00,BOGOTÁ D.C.,VEINTE DE JULIO E-4,URBANA,13.0,FEMENINO,NO REPORTADA
2019-08-01 05:30:00,FACATATIVÁ,LLANO POPULAR,URBANA,9.0,FEMENINO,NO REPORTADA
2019-08-01 00:00:00,LA CALERA,CENTRO,URBANA,18.0,FEMENINO,NO REPORTADA
2019-08-01 00:00:00,MOSQUERA,EL PORTAL DEL CERRITO,URBANA,8.0,FEMENINO,NO REPORTADA
2019-08-01 00:00:00,SAN FRANCISCO,SAN FRANCISCO DE SALES,URBANA,8.0,FEMENINO,PRIMARIA
2019-08-01 01:30:00,VERGARA,SANTO DOMINGO,URBANA,14.0,FEMENINO,SECUNDARIA
2019-08-01 21:01:00,VILLA DE SAN DIEGO DE UBATE,SAN FRANCISCO,URBANA,44.0,FEMENINO,PRIMARIA
2019-08-02 13:00:00,BOGOTÁ D.C.,BELLA SUIZA E-1,URBANA,18.0,MASCULINO,NO REPORTADA
2019-08-02 10:00:00,BOGOTÁ D.C.,BELLA SUIZA E-1,URBANA,15.0,FEMENINO,NO REPORTADA
2019-08-02 12:10:00,BOGOTÁ D.C.,LA SALLE E-2,URBANA,25.0,FEMENINO,SUPERIOR
2019-08-02 00:00:00,BOGOTÁ D.C.,BELLA SUIZA E-1,URBANA,9.0,MASCULINO,PRIMARIA
2019-08-02 00:00:00,BOGOTÁ D.C.,BELLA SUIZA E-1,URBANA,13.0,FEMENINO,PRIMARIA
2019-08-02 00:00:00,BOGOTÁ D.C.,BELLA SUIZA E-1,URBANA,18.0,FEMENINO,NO REPORTADA
2019-08-02 00:00:00,BOGOTÁ D.C.,BELLA SUIZA E-1,URBANA,18.0,FEMENINO,NO REPORTADA
2019-08-02 00:00:00,BOGOTÁ D.C.,BELLA SUIZA E-1,URBANA,14.0,FEMENINO,PRIMARIA
2019-08-02 00:00:00,BOGOTÁ D.C.,BELLA SUIZA E-1,URBANA,18.0,FEMENINO,NO REPORTADA
2019-08-02 00:00:00,BOGOTÁ D.C.,BELLA SUIZA E-1,URBANA,18.0,FEMENINO,NO REPORTADA
2019-08-02 00:00:00,BOGOTÁ D.C.,BELLA SUIZA E-1,URBANA,18.0,FEMENINO,NO REPORTADA
2019-08-02 00:00:00,BOGOTÁ D.C.,BELLA SUIZA E-1,URBANA,18.0,FEMENINO,NO REPORTADA
2019-08-02 00:00:00,BOGOTÁ D.C.,BELLA SUIZA E-1,URBANA,18.0,FEMENINO,SECUNDARIA
2019-08-02 00:00:00,BOGOTÁ D.C.,CUNDINAMARCA E-16,URBANA,11.0,FEMENINO,NO REPORTADA
2019-08-02 00:00:00,BOGOTÁ D.C.,LA ESTRELLITA E-1,URBANA,8.0,FEMENINO,PRIMARIA
2019-08-02 18:30:00,BOGOTÁ D.C.,LOS CEDROS E-1,URBANA,7.0,FEMENINO,NO REPORTADA
2019-08-02 13:00:00,BOGOTÁ D.C.,BELLA SUIZA E-1,URBANA,6.0,MASCULINO,NO REPORTADA
2019-08-02 00:00:00,BOGOTÁ D.C.,BELLA SUIZA E-1,URBANA,12.0,FEMENINO,NO REPORTADA
2019-08-02 00:00:00,BOGOTÁ D.C.,BELLA SUIZA E-1,URBANA,14.0,FEMENINO,NO REPORTADA
2019-08-02 00:00:00,BOGOTÁ D.C.,BELLA SUIZA E-1,URBANA,14.0,FEMENINO,NO REPORTADA
2019-08-02 00:00:00,BOGOTÁ D.C.,BELLA SUIZA E-1,URBANA,14.0,FEMENINO,NO REPORTADA
2019-08-02 00:00:00,BOGOTÁ D.C.,BELLA SUIZA E-1,URBANA,14.0,FEMENINO,NO REPORTADA
2019-08-02 14:00:00,BOGOTÁ D.C.,BELLA SUIZA E-1,URBANA,48.0,FEMENINO,TECNICO
2019-08-02 19:00:00,BOGOTÁ D.C.,BELLA SUIZA E-1,URBANA,17.0,FEMENINO,PRIMARIA
2019-08-02 08:00:00,COGUA,VILLA NOHORA,URBANA,13.0,FEMENINO,NO REPORTADA
2019-08-02 22:00:00,FUSAGASUGÁ,NUEVA ESPERANZA,URBANA,54.0,FEMENINO,SECUNDARIA
2019-08-02 15:30:00,LA VEGA,CENTRO,URBANA,19.0,FEMENINO,NO REPORTADA
2019-08-02 00:00:00,MOSQUERA,EL PORTAL DEL CERRITO,URBANA,13.0,FEMENINO,NO REPORTADA
2019-08-02 19:00:00,SOACHA,COMPARTIR,URBANA,13.0,FEMENINO,NO REPORTADA
2019-08-03 10:00:00,ANAPOIMA,VER.EL ROSARIO,URBANA,13.0,FEMENINO,NO REPORTADA
2019-08-03 15:00:00,BOGOTÁ D.C.,BELLA SUIZA E-1,URBANA,14.0,FEMENINO,SECUNDARIA
2019-08-03 09:00:00,BOGOTÁ D.C.,BELLA SUIZA E-1,URBANA,10.0,FEMENINO,NO REPORTADA
2019-08-03 09:00:00,BOGOTÁ D.C.,BELLA SUIZA E-1,URBANA,14.0,MASCULINO,NO REPORTADA
2019-08-03 00:00:00,BOGOTÁ D.C.,BELLA SUIZA E-1,URBANA,8.0,FEMENINO,NO REPORTADA
2019-08-03 00:00:00,BOGOTÁ D.C.,BELLA SUIZA E-1,URBANA,13.0,FEMENINO,SECUNDARIA
2019-08-03 00:00:00,BOGOTÁ D.C.,BELLA SUIZA E-1,URBANA,15.0,FEMENINO,NO REPORTADA
2019-08-03 09:00:00,BOGOTÁ D.C.,BELLA SUIZA E-1,URBANA,8.0,FEMENINO,PRIMARIA
2019-08-03 18:00:00,BOGOTÁ D.C.,BELLA SUIZA E-1,URBANA,12.0,FEMENINO,SECUNDARIA
2019-08-03 00:00:00,BOGOTÁ D.C.,BELLA SUIZA E-1,URBANA,18.0,FEMENINO,NO REPORTADA
2019-08-03 00:00:00,BOGOTÁ D.C.,BELLA SUIZA E-1,URBANA,18.0,FEMENINO,NO REPORTADA
2019-08-03 10:00:00,BOGOTÁ D.C.,BELLA SUIZA E-1,URBANA,12.0,FEMENINO,NO REPORTADA
2019-08-03 09:00:00,BOGOTÁ D.C.,LOS SAUCES E-7,URBANA,15.0,FEMENINO,NO REPORTADA
2019-08-03 16:00:00,BOGOTÁ D.C.,BELLA SUIZA E-1,URBANA,11.0,FEMENINO,SECUNDARIA
2019-08-03 16:00:00,BOGOTÁ D.C.,BELLA SUIZA E-1,URBANA,14.0,MASCULINO,NO REPORTADA
2019-08-03 06:30:00,BOGOTÁ D.C.,BELLA SUIZA E-1,URBANA,9.0,MASCULINO,NO REPORTADA
2019-08-03 06:30:00,BOGOTÁ D.C.,BELLA SUIZA E-1,URBANA,11.0,FEMENINO,NO REPORTADA
2019-08-03 00:00:00,BOGOTÁ D.C.,BELLA SUIZA E-1,URBANA,43.0,FEMENINO,NO REPORTADA
2019-08-03 00:00:00,BOGOTÁ D.C.,BELLA SUIZA E-1,URBANA,31.0,FEMENINO,NO REPORTADA
2019-08-03 00:00:00,BOGOTÁ D.C.,BUENAVISTA II E-1,URBANA,18.0,FEMENINO,NO REPORTADA
2019-08-03 00:00:00,BOGOTÁ D.C.,SAN GABRIEL E-16,URBANA,14.0,FEMENINO,NO REPORTADA
2019-08-03 20:00:00,BOGOTÁ D.C.,FONTIBON E-9,URBANA,18.0,FEMENINO,TECNICO
2019-08-03 00:00:00,BOGOTÁ D.C.,CENTRO USME E-5,URBANA,13.0,FEMENINO,NO REPORTADA
2019-08-03 17:00:00,FACATATIVÁ,LLANO POPULAR,URBANA,11.0,FEMENINO,NO REPORTADA
2019-08-03 00:00:00,FUNZA,VER. EL CERRITO,URBANA,18.0,FEMENINO,NO REPORTADA
2019-08-03 20:00:00,GUADUAS,DIANA TURBAY,URBANA,4.0,MASCULINO,NO REPORTADA
2019-08-03 17:25:00,MADRID,EL PINAR,URBANA,12.0,FEMENINO,NO REPORTADA
2019-08-03 12:00:00,NILO,CENTRO,URBANA,13.0,FEMENINO,NO REPORTADA
2019-08-03 08:00:00,SOACHA,JUAN PABLO I,URBANA,8.0,FEMENINO,PRIMARIA
2019-08-03 04:20:00,SOACHA,CENTRO,URBANA,14.0,FEMENINO,SECUNDARIA
2019-08-03 16:00:00,SOPÓ,LA CAROLINA,URBANA,12.0,FEMENINO,NO REPORTADA
2019-08-03 00:00:00,SUTATAUSA,LA QUINTANA,URBANA,18.0,FEMENINO,NO REPORTADA
2019-08-03 01:00:00,VERGARA,SANTO DOMINGO,URBANA,61.0,FEMENINO,PRIMARIA
2019-08-07 00:00:00,BOGOTÁ D.C.,BELLA SUIZA E-1,URBANA,12.0,FEMENINO,NO REPORTADA
2019-08-04 09:00:00,BOGOTÁ D.C.,BELLA SUIZA E-1,URBANA,67.0,FEMENINO,PRIMARIA
2019-08-04 16:00:00,BOGOTÁ D.C.,BELLA SUIZA E-1,URBANA,34.0,FEMENINO,NO REPORTADA
2019-08-04 15:00:00,BOGOTÁ D.C.,SAN DIEGO BOSA E-7,URBANA,12.0,FEMENINO,NO REPORTADA
2019-08-04 00:00:00,BOGOTÁ D.C.,SABANA GRANDE E-9,URBANA,9.0,MASCULINO,NO REPORTADA
2019-08-04 15:30:00,BOGOTÁ D.C.,BELLA SUIZA E-1,URBANA,7.0,FEMENINO,NO REPORTADA
2019-08-04 15:30:00,BOGOTÁ D.C.,BELLA SUIZA E-1,URBANA,8.0,FEMENINO,NO REPORTADA
2019-08-04 05:10:00,BOGOTÁ D.C.,BELLA SUIZA E-1,URBANA,35.0,FEMENINO,NO REPORTADA
2019-08-04 08:00:00,BOGOTÁ D.C.,EL JARDIN E-7,URBANA,13.0,FEMENINO,NO REPORTADA
2019-08-04 00:00:00,BOGOTÁ D.C.,BELLA SUIZA E-1,URBANA,12.0,FEMENINO,NO REPORTADA
2019-08-04 00:00:00,BOGOTÁ D.C.,BELLA SUIZA E-1,URBANA,12.0,FEMENINO,NO REPORTADA
2019-08-04 00:00:00,BOGOTÁ D.C.,BELLA SUIZA E-1,URBANA,9.0,FEMENINO,NO REPORTADA
2019-08-04 00:00:00,BOGOTÁ D.C.,BELLA SUIZA E-1,URBANA,13.0,FEMENINO,NO REPORTADA
2019-08-04 00:00:00,BOGOTÁ D.C.,BELLA SUIZA E-1,URBANA,14.0,FEMENINO,NO REPORTADA
2019-08-04 00:00:00,BOGOTÁ D.C.,BELLA SUIZA E-1,URBANA,18.0,FEMENINO,NO REPORTADA
2019-08-04 14:00:00,BOGOTÁ D.C.,BELLA SUIZA E-1,URBANA,10.0,FEMENINO,NO REPORTADA
2019-08-04 14:00:00,BOGOTÁ D.C.,BELLA SUIZA E-1,URBANA,5.0,MASCULINO,NO REPORTADA
2019-08-04 16:30:00,BOGOTÁ D.C.,BELLA SUIZA E-1,URBANA,7.0,FEMENINO,NO REPORTADA
2019-08-04 15:20:00,BOGOTÁ D.C.,MONTEBLANCO E-5,URBANA,13.0,FEMENINO,SECUNDARIA
2019-08-04 15:20:00,BOGOTÁ D.C.,MONTEBLANCO E-5,URBANA,36.0,FEMENINO,TECNICO
2019-08-04 00:00:00,BOGOTÁ D.C.,BELLA SUIZA E-1,URBANA,21.0,FEMENINO,SUPERIOR
2019-08-04 00:00:00,BOGOTÁ D.C.,BELLA SUIZA E-1,URBANA,15.0,FEMENINO,NO REPORTADA
2019-08-04 08:00:00,BOGOTÁ D.C.,BELLA SUIZA E-1,URBANA,11.0,FEMENINO,NO REPORTADA
2019-08-06 00:00:00,BOGOTÁ D.C.,BELLA SUIZA E-1,URBANA,17.0,MASCULINO,NO REPORTADA
2019-08-06 00:00:00,BOGOTÁ D.C.,BELLA SUIZA E-1,URBANA,19.0,FEMENINO,SUPERIOR
2019-08-06 20:00:00,BOGOTÁ D.C.,BELLA SUIZA E-1,URBANA,14.0,FEMENINO,NO REPORTADA
2019-08-06 20:30:00,BOGOTÁ D.C.,BELLA SUIZA E-1,URBANA,31.0,FEMENINO,NO REPORTADA
2019-08-06 20:30:00,BOGOTÁ D.C.,BELLA SUIZA E-1,URBANA,31.0,FEMENINO,SECUNDARIA
2019-08-06 00:00:00,BOGOTÁ D.C.,BELLA SUIZA E-1,URBANA,,NO REPORTADA,NO REPORTADA
2019-08-06 18:00:00,BOGOTÁ D.C.,BELLA SUIZA E-1,URBANA,16.0,FEMENINO,NO REPORTADA
2019-08-06 18:00:00,BOGOTÁ D.C.,BELLA SUIZA E-1,URBANA,18.0,FEMENINO,NO REPORTADA
2019-08-06 18:00:00,BOGOTÁ D.C.,BELLA SUIZA E-1,URBANA,18.0,FEMENINO,NO REPORTADA
2019-08-06 18:00:00,BOGOTÁ D.C.,BELLA SUIZA E-1,URBANA,18.0,FEMENINO,NO REPORTADA
2019-08-06 12:45:00,BOGOTÁ D.C.,LA ESTANCIA E-19,URBANA,8.0,FEMENINO,PRIMARIA
2019-08-06 00:00:00,BOGOTÁ D.C.,BELLA SUIZA E-1,URBANA,11.0,FEMENINO,PRIMARIA
2019-08-06 00:00:00,BOGOTÁ D.C.,BELLA SUIZA E-1,URBANA,18.0,FEMENINO,NO REPORTADA
2019-08-06 00:00:00,BOGOTÁ D.C.,BELLA SUIZA E-1,URBANA,18.0,FEMENINO,NO REPORTADA
2019-08-06 00:00:00,BOGOTÁ D.C.,BELLA SUIZA E-1,URBANA,18.0,MASCULINO,NO REPORTADA
2019-08-06 00:00:00,BOGOTÁ D.C.,BELLA SUIZA E-1,URBANA,37.0,FEMENINO,SUPERIOR
2019-08-06 21:30:00,BOGOTÁ D.C.,BELLA SUIZA E-1,URBANA,14.0,FEMENINO,NO REPORTADA
2019-08-06 17:23:00,BOGOTÁ D.C.,PRIMAVERA NORTE E-10,URBANA,35.0,FEMENINO,SECUNDARIA
2019-08-06 11:16:00,FUNZA,VER. EL CERRITO,URBANA,36.0,FEMENINO,SECUNDARIA
2019-08-06 21:50:00,LA MESA,CENTRO,URBANA,6.0,MASCULINO,NO REPORTADA
2019-08-06 21:50:00,LA MESA,CENTRO,URBANA,10.0,FEMENINO,NO REPORTADA
2019-08-06 19:00:00,SOACHA,JUAN PABLO I,URBANA,12.0,FEMENINO,NO REPORTADA
2019-08-06 00:00:00,VIOTÁ,GAITAN,URBANA,4.0,MASCULINO,NO REPORTADA
2019-08-06 18:00:00,ZIPACÓN,VER.CARTAGENA,URBANA,18.0,MASCULINO,NO REPORTADA
2019-08-04 04:55:00,EL COLEGIO,BELLO HORIZONTE,URBANA,18.0,FEMENINO,NO REPORTADA
2019-08-04 00:00:00,FACATATIVÁ,LLANO POPULAR,URBANA,6.0,FEMENINO,NO REPORTADA
2019-08-04 06:25:00,FUSAGASUGÁ,TIERRA GRATA,URBANA,17.0,FEMENINO,NO REPORTADA
2019-08-04 06:00:00,FUSAGASUGÁ,BALMORAL,URBANA,16.0,MASCULINO,NO REPORTADA
2019-08-04 03:30:00,PACHO,NARIÑO,URBANA,17.0,FEMENINO,NO REPORTADA
2019-08-04 00:00:00,SIBATÉ,VER.CHUSACA,URBANA,12.0,FEMENINO,NO REPORTADA
2019-08-04 03:30:00,SOACHA,JUAN PABLO I,URBANA,48.0,FEMENINO,PRIMARIA
2019-08-04 00:00:00,TIBIRITA,MONSEÑOR GOMEZ,URBANA,,NO REPORTADA,NO REPORTADA
2019-08-05 16:00:00,BOGOTÁ D.C.,BELLA SUIZA E-1,URBANA,14.0,FEMENINO,NO REPORTADA
2019-08-05 00:00:00,BOGOTÁ D.C.,BELLA SUIZA E-1,URBANA,17.0,FEMENINO,NO REPORTADA
2019-08-05 21:00:00,BOGOTÁ D.C.,BELLA SUIZA E-1,URBANA,7.0,FEMENINO,NO REPORTADA
2019-08-05 00:00:00,BOGOTÁ D.C.,BELLA SUIZA E-1,URBANA,14.0,FEMENINO,NO REPORTADA
2019-08-05 00:00:00,BOGOTÁ D.C.,PENSILVANIA E-16,URBANA,18.0,FEMENINO,NO REPORTADA
2019-08-05 14:00:00,BOGOTÁ D.C.,BELLA SUIZA E-1,URBANA,15.0,FEMENINO,NO REPORTADA
2019-08-05 00:00:00,BOGOTÁ D.C.,BELLA SUIZA E-1,URBANA,4.0,FEMENINO,NO REPORTADA
2019-08-05 00:00:00,BOGOTÁ D.C.,BELLA SUIZA E-1,URBANA,14.0,MASCULINO,NO REPORTADA
2019-08-05 00:00:00,BOGOTÁ D.C.,BELLA SUIZA E-1,URBANA,18.0,FEMENINO,NO REPORTADA
2019-08-05 00:00:00,BOGOTÁ D.C.,BELLA SUIZA E-1,URBANA,18.0,FEMENINO,NO REPORTADA
2019-08-05 00:00:00,BOGOTÁ D.C.,BELLA SUIZA E-1,URBANA,18.0,MASCULINO,NO REPORTADA
2019-08-05 00:00:00,BOGOTÁ D.C.,BELLA SUIZA E-1,URBANA,13.0,FEMENINO,NO REPORTADA
2019-08-05 00:00:00,BOGOTÁ D.C.,BELLA SUIZA E-1,URBANA,15.0,FEMENINO,NO REPORTADA
2019-08-05 00:00:00,BOGOTÁ D.C.,BELLA SUIZA E-1,URBANA,18.0,MASCULINO,NO REPORTADA
2019-08-05 00:00:00,BOGOTÁ D.C.,BELLA SUIZA E-1,URBANA,18.0,FEMENINO,NO REPORTADA
2019-08-05 00:00:00,BOGOTÁ D.C.,CANDELARIA E-17,URBANA,18.0,FEMENINO,NO REPORTADA
2019-08-05 00:00:00,BOGOTÁ D.C.,CANDELARIA E-17,URBANA,18.0,MASCULINO,NO REPORTADA
2019-08-05 00:00:00,BOGOTÁ D.C.,CANDELARIA E-17,URBANA,18.0,MASCULINO,NO REPORTADA
2019-08-05 00:00:00,BOGOTÁ D.C.,CIUDADELA EL RECREO E-7,URBANA,7.0,FEMENINO,NO REPORTADA
2019-08-05 00:00:00,BOGOTÁ D.C.,CIUDADELA EL RECREO E-7,URBANA,9.0,FEMENINO,NO REPORTADA
2019-08-05 00:00:00,BOGOTÁ D.C.,PENSILVANIA E-16,URBANA,18.0,MASCULINO,NO REPORTADA
2019-08-05 09:00:00,BOGOTÁ D.C.,BELLA SUIZA E-1,URBANA,4.0,MASCULINO,PRIMARIA
2019-08-05 20:00:00,BOGOTÁ D.C.,BELLA SUIZA E-1,URBANA,11.0,FEMENINO,NO REPORTADA
2019-08-05 20:00:00,BOGOTÁ D.C.,SAN DIEGO BOSA E-7,URBANA,4.0,FEMENINO,NO REPORTADA
2019-08-05 17:00:00,BOGOTÁ D.C.,BELLA SUIZA E-1,URBANA,12.0,FEMENINO,NO REPORTADA
2019-08-05 14:00:00,BOGOTÁ D.C.,LA CITA E-1,URBANA,1.0,FEMENINO,NO REPORTADA
2019-08-05 16:30:00,BOGOTÁ D.C.,BELLA SUIZA E-1,URBANA,1.0,FEMENINO,NO REPORTADA
2019-08-05 16:30:00,BOGOTÁ D.C.,BELLA SUIZA E-1,URBANA,6.0,FEMENINO,PRIMARIA
2019-08-05 16:30:00,BOGOTÁ D.C.,BELLA SUIZA E-1,URBANA,7.0,FEMENINO,PRIMARIA
2019-08-05 16:30:00,BOGOTÁ D.C.,BELLA SUIZA E-1,URBANA,9.0,FEMENINO,PRIMARIA
2019-08-05 14:00:00,BOGOTÁ D.C.,BELLA SUIZA E-1,URBANA,19.0,FEMENINO,TECNICO
2019-08-05 08:00:00,BOGOTÁ D.C.,BELLA SUIZA E-1,URBANA,7.0,MASCULINO,NO REPORTADA
2019-08-05 00:00:00,BOGOTÁ D.C.,BELLA SUIZA E-1,URBANA,15.0,FEMENINO,NO REPORTADA
2019-08-05 00:00:00,BOGOTÁ D.C.,BELLA SUIZA E-1,URBANA,14.0,FEMENINO,NO REPORTADA
2019-08-05 00:00:00,RICAURTE,VER.LA VIRGINIA,RURAL,18.0,FEMENINO,NO REPORTADA
2019-08-05 10:00:00,SIBATÉ,VER.CHUSACA,URBANA,12.0,MASCULINO,NO REPORTADA
2019-08-05 19:30:00,SOACHA,JUAN PABLO I,URBANA,7.0,MASCULINO,NO REPORTADA
2019-08-05 15:00:00,SOACHA,JUAN PABLO I,URBANA,14.0,FEMENINO,NO REPORTADA
2019-08-07 00:00:00,BOGOTÁ D.C.,BELLA SUIZA E-1,URBANA,18.0,FEMENINO,NO REPORTADA
2019-08-07 21:00:00,BOGOTÁ D.C.,BELLA SUIZA E-1,URBANA,14.0,FEMENINO,NO REPORTADA
2019-08-07 00:00:00,BOGOTÁ D.C.,BELLA SUIZA E-1,URBANA,18.0,FEMENINO,NO REPORTADA
2019-08-07 00:00:00,BOGOTÁ D.C.,BELLA SUIZA E-1,URBANA,18.0,FEMENINO,NO REPORTADA
2019-08-07 00:00:00,BOGOTÁ D.C.,BELLA SUIZA E-1,URBANA,16.0,FEMENINO,NO REPORTADA
2019-08-07 00:00:00,BOGOTÁ D.C.,BELLA SUIZA E-1,URBANA,16.0,MASCULINO,NO REPORTADA
2019-08-07 00:00:00,BOGOTÁ D.C.,BELLA SUIZA E-1,URBANA,18.0,FEMENINO,NO REPORTADA
2019-08-07 00:00:00,BOGOTÁ D.C.,BELLA SUIZA E-1,URBANA,18.0,FEMENINO,NO REPORTADA
2019-08-07 00:00:00,BOGOTÁ D.C.,BELLA SUIZA E-1,URBANA,18.0,FEMENINO,NO REPORTADA
2019-08-07 00:00:00,BOGOTÁ D.C.,BELLA SUIZA E-1,URBANA,18.0,FEMENINO,NO REPORTADA
2019-08-07 00:00:00,BOGOTÁ D.C.,BELLA SUIZA E-1,URBANA,18.0,FEMENINO,NO REPORTADA
2019-08-07 00:00:00,BOGOTÁ D.C.,BELLA SUIZA E-1,URBANA,18.0,FEMENINO,NO REPORTADA
2019-08-07 00:00:00,BOGOTÁ D.C.,BELLA SUIZA E-1,URBANA,9.0,FEMENINO,NO REPORTADA
2019-08-08 00:00:00,BOGOTÁ D.C.,BELLA SUIZA E-1,URBANA,18.0,FEMENINO,NO REPORTADA
2019-08-07 00:00:00,BOGOTÁ D.C.,BELLA SUIZA E-1,URBANA,14.0,FEMENINO,NO REPORTADA
2019-08-07 08:00:00,BOGOTÁ D.C.,BELLA SUIZA E-1,URBANA,12.0,FEMENINO,PRIMARIA
2019-08-07 07:00:00,BOGOTÁ D.C.,BELLA SUIZA E-1,URBANA,7.0,FEMENINO,PRIMARIA
2019-08-07 00:00:00,BOGOTÁ D.C.,BELLA SUIZA E-1,URBANA,14.0,FEMENINO,SECUNDARIA
2019-08-07 00:00:00,BOGOTÁ D.C.,BELLA SUIZA E-1,URBANA,14.0,FEMENINO,SECUNDARIA
2019-08-07 00:00:00,BOGOTÁ D.C.,BELLA SUIZA E-1,URBANA,11.0,FEMENINO,NO REPORTADA
2019-08-07 12:00:00,BOGOTÁ D.C.,EL BATAN E-11,URBANA,37.0,FEMENINO,SECUNDARIA
2019-08-07 00:00:00,CAJICÁ,VER.MANA,URBANA,18.0,FEMENINO,NO REPORTADA
2019-08-07 17:00:00,CAJICÁ,VER.MANA,URBANA,8.0,FEMENINO,NO REPORTADA
2019-08-07 17:00:00,CAJICÁ,VER.MANA,URBANA,8.0,FEMENINO,NO REPORTADA
2019-08-07 05:45:00,FUSAGASUGÁ,TIERRA GRATA,URBANA,15.0,FEMENINO,NO REPORTADA
2019-08-07 00:01:00,LA PEÑA,OLAYA,URBANA,13.0,FEMENINO,NO REPORTADA
2019-08-07 11:00:00,MADRID,EL PINAR,URBANA,13.0,FEMENINO,NO REPORTADA
2019-08-07 00:00:00,MADRID,EL PINAR,URBANA,9.0,FEMENINO,NO REPORTADA
2019-08-07 17:30:00,MADRID,EL PINAR,URBANA,18.0,FEMENINO,NO REPORTADA
2019-08-07 00:00:00,MOSQUERA,EL PORTAL DEL CERRITO,URBANA,6.0,MASCULINO,NO REPORTADA
2019-08-07 07:00:00,MOSQUERA,EL PORTAL DEL CERRITO,URBANA,6.0,MASCULINO,PRIMARIA
2019-08-07 00:00:00,MOSQUERA,EL PORTAL DEL CERRITO,URBANA,12.0,FEMENINO,NO REPORTADA
2019-08-07 16:30:00,SAN FRANCISCO,SAN FRANCISCO DE SALES,URBANA,68.0,FEMENINO,SECUNDARIA
2019-08-07 00:00:00,SESQUILÉ,PABLO MUÑOZ,URBANA,8.0,FEMENINO,PRIMARIA
2019-08-07 20:21:00,VILLA DE SAN DIEGO DE UBATE,SAN FRANCISCO,URBANA,38.0,FEMENINO,TECNICO
2019-08-08 05:45:00,BOGOTÁ D.C.,BELLA SUIZA E-1,URBANA,16.0,FEMENINO,NO REPORTADA
2019-08-08 06:20:00,BOGOTÁ D.C.,BELLA SUIZA E-1,URBANA,7.0,FEMENINO,NO REPORTADA
2019-08-08 15:30:00,BOGOTÁ D.C.,BELLA SUIZA E-1,URBANA,12.0,FEMENINO,NO REPORTADA
2019-08-08 00:00:00,BOGOTÁ D.C.,BELLA SUIZA E-1,URBANA,4.0,FEMENINO,NO REPORTADA
2019-08-08 00:00:00,BOGOTÁ D.C.,BELLA SUIZA E-1,URBANA,7.0,FEMENINO,PRIMARIA
2019-08-08 00:00:00,BOGOTÁ D.C.,BELLA SUIZA E-1,URBANA,7.0,FEMENINO,PRIMARIA
2019-08-08 00:00:00,BOGOTÁ D.C.,BELLA SUIZA E-1,URBANA,12.0,MASCULINO,NO REPORTADA
2019-08-08 00:00:00,BOGOTÁ D.C.,BELLA SUIZA E-1,URBANA,13.0,FEMENINO,NO REPORTADA
2019-08-08 00:00:00,BOGOTÁ D.C.,BELLA SUIZA E-1,URBANA,18.0,FEMENINO,NO REPORTADA
2019-08-08 00:00:00,BOGOTÁ D.C.,BELLA SUIZA E-1,URBANA,18.0,MASCULINO,NO REPORTADA
2019-08-08 10:00:00,BOGOTÁ D.C.,BELLA SUIZA E-1,URBANA,12.0,FEMENINO,NO REPORTADA
2019-08-08 08:00:00,BOGOTÁ D.C.,BELLA SUIZA E-1,URBANA,13.0,FEMENINO,NO REPORTADA
2019-08-08 14:00:00,BOGOTÁ D.C.,BELLA SUIZA E-1,URBANA,11.0,FEMENINO,PRIMARIA
2019-08-08 06:00:00,BOGOTÁ D.C.,BELLA SUIZA E-1,URBANA,11.0,FEMENINO,NO REPORTADA
2019-08-08 00:00:00,BOGOTÁ D.C.,BELLA SUIZA E-1,URBANA,18.0,FEMENINO,NO REPORTADA
2019-08-08 00:00:00,BOGOTÁ D.C.,BELLA SUIZA E-1,URBANA,13.0,FEMENINO,SECUNDARIA
2019-08-08 07:01:00,FUSAGASUGÁ,TIERRA GRATA,URBANA,4.0,MASCULINO,NO REPORTADA
2019-08-08 00:00:00,GUTIÉRREZ,CENTRO,URBANA,9.0,FEMENINO,NO REPORTADA
2019-08-08 16:30:00,MOSQUERA,EL PORTAL DEL CERRITO,URBANA,11.0,FEMENINO,NO REPORTADA
2019-08-08 00:00:00,SAN BERNARDO,VER.EL CARMEN,URBANA,16.0,FEMENINO,NO REPORTADA
2019-08-15 15:00:00,FACATATIVÁ,LLANO POPULAR,URBANA,6.0,FEMENINO,PRIMARIA
2019-08-13 19:30:00,ALBÁN,VER. LA TRIBUNA,URBANA,12.0,FEMENINO,NO REPORTADA
2019-08-13 00:00:00,BOGOTÁ D.C.,BELLA SUIZA E-1,URBANA,18.0,FEMENINO,NO REPORTADA
2019-08-13 00:00:00,BOGOTÁ D.C.,BELLA SUIZA E-1,URBANA,12.0,FEMENINO,NO REPORTADA
2019-08-13 00:00:00,BOGOTÁ D.C.,BELLA SUIZA E-1,URBANA,18.0,MASCULINO,NO REPORTADA
2019-08-13 10:00:00,BOGOTÁ D.C.,BELLA SUIZA E-1,URBANA,12.0,FEMENINO,NO REPORTADA
2019-08-13 00:00:00,BOGOTÁ D.C.,BELLA SUIZA E-1,URBANA,5.0,FEMENINO,NO REPORTADA
2019-08-13 00:00:00,BOGOTÁ D.C.,BELLA SUIZA E-1,URBANA,13.0,FEMENINO,NO REPORTADA
2019-08-13 00:00:00,BOGOTÁ D.C.,BELLA SUIZA E-1,URBANA,18.0,MASCULINO,NO REPORTADA
2019-08-13 08:00:00,BOGOTÁ D.C.,BELLA SUIZA E-1,URBANA,10.0,FEMENINO,NO REPORTADA
2019-08-13 08:00:00,BOGOTÁ D.C.,CIUDAD KENNEDY CENTRAL E-8,URBANA,38.0,FEMENINO,SECUNDARIA
2019-08-13 14:00:00,BOGOTÁ D.C.,BELLA SUIZA E-1,URBANA,12.0,FEMENINO,NO REPORTADA
2019-08-13 13:00:00,BOGOTÁ D.C.,BELLA SUIZA E-1,URBANA,12.0,FEMENINO,NO REPORTADA
2019-08-13 20:15:00,BOGOTÁ D.C.,BELLA SUIZA E-1,URBANA,8.0,FEMENINO,NO REPORTADA
2019-08-13 03:40:00,BOGOTÁ D.C.,BELLA SUIZA E-1,URBANA,5.0,FEMENINO,NO REPORTADA
2019-08-13 00:00:00,BOGOTÁ D.C.,BELLA SUIZA E-1,URBANA,16.0,FEMENINO,NO REPORTADA
2019-08-13 02:30:00,BOGOTÁ D.C.,BELLA SUIZA E-1,URBANA,6.0,MASCULINO,NO REPORTADA
2019-08-13 00:00:00,BOGOTÁ D.C.,BELLA SUIZA E-1,URBANA,17.0,FEMENINO,SECUNDARIA
2019-08-13 19:42:00,BOGOTÁ D.C.,BELLA SUIZA E-1,URBANA,11.0,FEMENINO,NO REPORTADA
2019-08-13 00:00:00,CHÍA,SANTA LUCIA,URBANA,16.0,FEMENINO,NO REPORTADA
2019-08-13 00:00:00,CHOCONTÁ,NARIÑO,URBANA,4.0,MASCULINO,NO REPORTADA
2019-08-13 14:00:00,COTA,VER. MOYA,URBANA,3.0,FEMENINO,NO REPORTADA
2019-08-13 19:00:00,FÚQUENE,VER. EL ROBLE,URBANA,5.0,FEMENINO,NO REPORTADA
2019-08-13 17:00:00,FUSAGASUGÁ,TIERRA GRATA,URBANA,3.0,FEMENINO,NO REPORTADA
2019-08-13 15:40:00,PACHO,NARIÑO,URBANA,15.0,FEMENINO,NO REPORTADA
2019-08-13 15:40:00,PACHO,NARIÑO,URBANA,16.0,FEMENINO,NO REPORTADA
2019-08-13 15:40:00,PACHO,NARIÑO,URBANA,16.0,FEMENINO,NO REPORTADA
2019-08-13 15:40:00,PACHO,NARIÑO,URBANA,16.0,FEMENINO,NO REPORTADA
2019-08-13 15:40:00,PACHO,NARIÑO,URBANA,18.0,FEMENINO,NO REPORTADA
2019-08-13 15:40:00,PACHO,NARIÑO,URBANA,18.0,FEMENINO,NO REPORTADA
2019-08-13 14:00:00,PUERTO SALGAR,6 DE ENERO,URBANA,14.0,FEMENINO,NO REPORTADA
2019-08-13 14:30:00,ZIPAQUIRÁ,BOLIVAR 83,URBANA,5.0,FEMENINO,PRIMARIA
2019-08-13 14:30:00,ZIPAQUIRÁ,BOLIVAR 83,URBANA,8.0,FEMENINO,PRIMARIA
2019-08-13 14:30:00,ZIPAQUIRÁ,BOLIVAR 83,URBANA,26.0,FEMENINO,TECNICO
2019-08-14 00:00:00,BOGOTÁ D.C.,BELLA SUIZA E-1,URBANA,0.0,FEMENINO,NO REPORTADA
2019-08-14 00:00:00,BOGOTÁ D.C.,BELLA SUIZA E-1,URBANA,18.0,FEMENINO,NO REPORTADA
2019-08-14 03:39:00,BOGOTÁ D.C.,BELLA SUIZA E-1,URBANA,11.0,FEMENINO,NO REPORTADA
2019-08-14 00:00:00,BOGOTÁ D.C.,BELLA SUIZA E-1,URBANA,4.0,FEMENINO,NO REPORTADA
2019-08-14 00:00:00,BOGOTÁ D.C.,BELLA SUIZA E-1,URBANA,7.0,MASCULINO,PRIMARIA
2019-08-14 00:00:00,BOGOTÁ D.C.,BELLA SUIZA E-1,URBANA,10.0,FEMENINO,NO REPORTADA
2019-08-14 00:00:00,BOGOTÁ D.C.,BELLA SUIZA E-1,URBANA,14.0,FEMENINO,SECUNDARIA
2019-08-14 11:00:00,BOGOTÁ D.C.,BELLA SUIZA E-1,URBANA,5.0,FEMENINO,NO REPORTADA
2019-08-14 18:30:00,BOGOTÁ D.C.,BELLA SUIZA E-1,URBANA,10.0,MASCULINO,NO REPORTADA
2019-08-14 20:30:00,BOGOTÁ D.C.,BELLA SUIZA E-1,URBANA,11.0,FEMENINO,NO REPORTADA
2019-08-14 10:30:00,BOGOTÁ D.C.,BELLA SUIZA E-1,URBANA,8.0,MASCULINO,NO REPORTADA
2019-08-14 17:20:00,BOGOTÁ D.C.,BELLA SUIZA E-1,URBANA,5.0,FEMENINO,NO REPORTADA
2019-08-14 00:00:00,BOGOTÁ D.C.,BELLA SUIZA E-1,URBANA,12.0,FEMENINO,NO REPORTADA
2019-08-14 00:00:00,BOGOTÁ D.C.,BELLA SUIZA E-1,URBANA,20.0,MASCULINO,SECUNDARIA
2019-08-14 09:00:00,BOGOTÁ D.C.,BELLA SUIZA E-1,URBANA,22.0,FEMENINO,SUPERIOR
2019-08-14 01:00:00,BOGOTÁ D.C.,SANTA ISABEL E-14,URBANA,20.0,FEMENINO,SECUNDARIA
2019-08-14 00:00:00,BOGOTÁ D.C.,BELLA SUIZA E-1,URBANA,14.0,FEMENINO,NO REPORTADA
2019-08-14 11:00:00,BOGOTÁ D.C.,BELLA SUIZA E-1,URBANA,12.0,FEMENINO,NO REPORTADA
2019-08-14 07:00:00,BOGOTÁ D.C.,BELLA SUIZA E-1,URBANA,13.0,FEMENINO,NO REPORTADA
2019-08-14 17:30:00,BOGOTÁ D.C.,LA PRADERA NORTE E-1,URBANA,15.0,FEMENINO,SECUNDARIA
2019-08-14 14:00:00,CHIPAQUE,CENTRO,URBANA,76.0,FEMENINO,NO REPORTADA
2019-08-14 08:00:00,LA CALERA,ALTO DE LA VIRGEN,URBANA,18.0,FEMENINO,NO REPORTADA
2019-08-14 09:00:00,SIBATÉ,VER.CHUSACA,URBANA,39.0,FEMENINO,NO REPORTADA
2019-08-14 09:00:00,SOACHA,JUAN PABLO I,URBANA,15.0,FEMENINO,NO REPORTADA
2019-08-14 00:00:00,SOPÓ,LA CAROLINA,URBANA,6.0,FEMENINO,NO REPORTADA
2019-08-14 10:00:00,TOCANCIPÁ,VER.ÑA ESMERALDA,URBANA,18.0,FEMENINO,PRIMARIA
2019-08-14 10:00:00,TOCANCIPÁ,VER.ÑA ESMERALDA,URBANA,18.0,FEMENINO,SECUNDARIA
2019-08-14 15:00:00,VILLA DE SAN DIEGO DE UBATE,SAN FRANCISCO,URBANA,4.0,FEMENINO,NO REPORTADA
2019-08-15 22:00:00,BOGOTÁ D.C.,BELLA SUIZA E-1,URBANA,18.0,FEMENINO,NO REPORTADA
2019-08-15 21:03:00,BOGOTÁ D.C.,BELLA SUIZA E-1,URBANA,19.0,FEMENINO,NO REPORTADA
2019-08-15 00:00:00,BOGOTÁ D.C.,BELLA SUIZA E-1,URBANA,18.0,FEMENINO,NO REPORTADA
2019-08-15 00:00:00,BOGOTÁ D.C.,BELLA SUIZA E-1,URBANA,34.0,FEMENINO,NO REPORTADA
2019-08-15 00:00:00,BOGOTÁ D.C.,BELLA SUIZA E-1,URBANA,15.0,FEMENINO,SECUNDARIA
2019-08-15 00:00:00,BOGOTÁ D.C.,BELLA SUIZA E-1,URBANA,6.0,FEMENINO,PRIMARIA
2019-08-15 00:00:00,BOGOTÁ D.C.,BELLA SUIZA E-1,URBANA,12.0,FEMENINO,SECUNDARIA
2019-08-15 00:00:00,BOGOTÁ D.C.,BELLA SUIZA E-1,URBANA,14.0,FEMENINO,NO REPORTADA
2019-08-15 00:00:00,BOGOTÁ D.C.,BELLA SUIZA E-1,URBANA,18.0,FEMENINO,NO REPORTADA
2019-08-15 00:00:00,BOGOTÁ D.C.,BELLA SUIZA E-1,URBANA,18.0,FEMENINO,NO REPORTADA
2019-08-15 00:00:00,BOGOTÁ D.C.,BELLA SUIZA E-1,URBANA,18.0,FEMENINO,NO REPORTADA
2019-08-15 00:00:00,BOGOTÁ D.C.,BELLA SUIZA E-1,URBANA,18.0,MASCULINO,NO REPORTADA
2019-08-15 19:00:00,BOGOTÁ D.C.,BELLA SUIZA E-1,URBANA,8.0,FEMENINO,NO REPORTADA
2019-08-15 00:00:00,BOGOTÁ D.C.,BELLA SUIZA E-1,URBANA,18.0,MASCULINO,NO REPORTADA
2019-08-15 00:00:00,BOGOTÁ D.C.,BELLA SUIZA E-1,URBANA,14.0,FEMENINO,NO REPORTADA
2019-08-15 08:00:00,BOGOTÁ D.C.,BELLA SUIZA E-1,URBANA,13.0,MASCULINO,SECUNDARIA
2019-08-15 15:00:00,BOGOTÁ D.C.,BELLA SUIZA E-1,URBANA,18.0,FEMENINO,NO REPORTADA
2019-08-15 00:00:00,BOGOTÁ D.C.,BELLA SUIZA E-1,URBANA,14.0,FEMENINO,SECUNDARIA
2019-08-15 00:00:00,BOGOTÁ D.C.,BELLA SUIZA E-1,URBANA,15.0,FEMENINO,SECUNDARIA
2019-08-15 00:00:00,BOGOTÁ D.C.,BELLA SUIZA E-1,URBANA,18.0,FEMENINO,NO REPORTADA
2019-08-15 06:00:00,BOGOTÁ D.C.,ALTOS DE CHOZICA E-11,URBANA,36.0,MASCULINO,SECUNDARIA
2019-08-15 14:00:00,BOGOTÁ D.C.,BELLA SUIZA E-1,URBANA,9.0,FEMENINO,NO REPORTADA
2019-08-15 00:30:00,BOGOTÁ D.C.,BELLA SUIZA E-1,URBANA,18.0,MASCULINO,NO REPORTADA
2019-08-16 07:00:00,BOGOTÁ D.C.,BELLA SUIZA E-1,URBANA,17.0,FEMENINO,NO REPORTADA
2019-08-16 00:00:00,BOGOTÁ D.C.,BELLA SUIZA E-1,URBANA,14.0,FEMENINO,NO REPORTADA
2019-08-16 00:00:00,BOGOTÁ D.C.,BELLA SUIZA E-1,URBANA,18.0,FEMENINO,SECUNDARIA
2019-08-16 00:00:00,BOGOTÁ D.C.,BELLA SUIZA E-1,URBANA,13.0,FEMENINO,NO REPORTADA
2019-08-16 00:00:00,BOGOTÁ D.C.,BELLA SUIZA E-1,URBANA,18.0,FEMENINO,NO REPORTADA
2019-08-16 00:00:00,BOGOTÁ D.C.,BELLA SUIZA E-1,URBANA,13.0,FEMENINO,NO REPORTADA
2019-08-16 00:00:00,BOGOTÁ D.C.,BELLA SUIZA E-1,URBANA,13.0,FEMENINO,SECUNDARIA
2019-08-16 00:00:00,BOGOTÁ D.C.,BELLA SUIZA E-1,URBANA,18.0,MASCULINO,NO REPORTADA
2019-08-16 00:00:00,BOGOTÁ D.C.,BELLA SUIZA E-1,URBANA,18.0,FEMENINO,NO REPORTADA
2019-08-16 10:00:00,BOGOTÁ D.C.,BELLA SUIZA E-1,URBANA,5.0,FEMENINO,NO REPORTADA
2019-08-16 15:00:00,BOGOTÁ D.C.,BELLA SUIZA E-1,URBANA,9.0,FEMENINO,PRIMARIA
2019-08-16 06:30:00,BOGOTÁ D.C.,BELLA SUIZA E-1,URBANA,6.0,MASCULINO,NO REPORTADA
2019-08-16 07:30:00,BOGOTÁ D.C.,BELLA SUIZA E-1,URBANA,7.0,MASCULINO,NO REPORTADA
2019-08-16 17:15:00,BOGOTÁ D.C.,BELLA SUIZA E-1,URBANA,11.0,FEMENINO,NO REPORTADA
2019-08-16 09:58:00,BOGOTÁ D.C.,BELLA SUIZA E-1,URBANA,13.0,FEMENINO,NO REPORTADA
2019-08-16 00:00:00,BOGOTÁ D.C.,BELLA SUIZA E-1,URBANA,28.0,FEMENINO,NO REPORTADA
2019-08-16 11:00:00,BOGOTÁ D.C.,BELLA SUIZA E-1,URBANA,17.0,FEMENINO,SUPERIOR
2019-08-16 00:31:00,BOGOTÁ D.C.,LA CABAÑA E-5,URBANA,13.0,FEMENINO,SECUNDARIA
2019-08-16 00:00:00,BOGOTÁ D.C.,BELLA SUIZA E-1,URBANA,18.0,FEMENINO,NO REPORTADA
2019-08-16 22:50:00,BOGOTÁ D.C.,BELLA SUIZA E-1,URBANA,16.0,FEMENINO,NO REPORTADA
2019-08-16 09:58:00,BOGOTÁ D.C.,BELLA SUIZA E-1,URBANA,13.0,FEMENINO,NO REPORTADA
2019-08-16 16:00:00,FACATATIVÁ,LLANO POPULAR,URBANA,13.0,FEMENINO,SECUNDARIA
2019-08-16 15:00:00,FACATATIVÁ,LLANO POPULAR,URBANA,14.0,FEMENINO,SECUNDARIA
2019-08-16 22:00:00,SAN ANTONIO DEL TEQUENDAMA,VER.QUINTA COLOMBIA,URBANA,12.0,FEMENINO,NO REPORTADA
2019-08-16 00:00:00,SASAIMA,SAN CARLOS,URBANA,7.0,FEMENINO,NO REPORTADA
2019-08-16 00:00:00,VILLA DE SAN DIEGO DE UBATE,SAN FRANCISCO,URBANA,18.0,MASCULINO,NO REPORTADA
2019-08-16 00:00:00,ZIPAQUIRÁ,BOLIVAR 83,URBANA,15.0,FEMENINO,NO REPORTADA
2019-08-17 05:00:00,BOGOTÁ D.C.,BELLA SUIZA E-1,URBANA,30.0,FEMENINO,TECNICO
2019-08-17 03:00:00,BOGOTÁ D.C.,BELLA SUIZA E-1,URBANA,47.0,FEMENINO,SECUNDARIA
2019-08-17 00:00:00,BOGOTÁ D.C.,BELLA SUIZA E-1,URBANA,18.0,FEMENINO,NO REPORTADA
2019-08-17 00:00:00,BOGOTÁ D.C.,BELLA SUIZA E-1,URBANA,4.0,FEMENINO,NO REPORTADA
2019-08-17 00:00:00,BOGOTÁ D.C.,BELLA SUIZA E-1,URBANA,11.0,FEMENINO,NO REPORTADA
2019-08-17 00:00:00,BOGOTÁ D.C.,BELLA SUIZA E-1,URBANA,15.0,FEMENINO,NO REPORTADA
2019-08-17 00:00:00,BOGOTÁ D.C.,BELLA SUIZA E-1,URBANA,12.0,FEMENINO,NO REPORTADA
2019-08-17 08:00:00,BOGOTÁ D.C.,BELLA SUIZA E-1,URBANA,7.0,FEMENINO,PRIMARIA
2019-08-17 17:00:00,BOGOTÁ D.C.,BELLA SUIZA E-1,URBANA,13.0,MASCULINO,NO REPORTADA
2019-08-17 15:00:00,BOGOTÁ D.C.,BELLA SUIZA E-1,URBANA,12.0,MASCULINO,NO REPORTADA
2019-08-17 15:00:00,BOGOTÁ D.C.,BELLA SUIZA E-1,URBANA,15.0,FEMENINO,NO REPORTADA
2019-08-17 00:00:00,BOGOTÁ D.C.,BELLA SUIZA E-1,URBANA,16.0,FEMENINO,SECUNDARIA
2019-08-17 06:30:00,FUNZA,VER. EL CERRITO,URBANA,24.0,FEMENINO,NO REPORTADA
2019-08-17 19:00:00,SIBATÉ,VER.CHUSACA,URBANA,8.0,FEMENINO,PRIMARIA
2019-08-17 17:00:00,TOCANCIPÁ,VER.ÑA ESMERALDA,URBANA,13.0,FEMENINO,SECUNDARIA
2019-08-17 07:00:00,VILLA DE SAN DIEGO DE UBATE,SAN FRANCISCO,URBANA,8.0,FEMENINO,NO REPORTADA
2019-08-18 04:00:00,BOGOTÁ D.C.,BELLA SUIZA E-1,URBANA,21.0,FEMENINO,NO REPORTADA
2019-08-18 00:00:00,BOGOTÁ D.C.,BELLA SUIZA E-1,URBANA,17.0,FEMENINO,NO REPORTADA
2019-08-18 11:00:00,BOGOTÁ D.C.,LOS GRUPOS E-19,URBANA,13.0,FEMENINO,SECUNDARIA
2019-08-18 21:00:00,BOGOTÁ D.C.,BELLA SUIZA E-1,URBANA,16.0,FEMENINO,SECUNDARIA
2019-08-18 22:18:00,BOGOTÁ D.C.,BELLA SUIZA E-1,URBANA,14.0,FEMENINO,NO REPORTADA
2019-08-18 08:00:00,BOGOTÁ D.C.,BELLA SUIZA E-1,URBANA,13.0,FEMENINO,NO REPORTADA
2019-08-18 00:00:00,BOGOTÁ D.C.,BELLA SUIZA E-1,URBANA,13.0,FEMENINO,NO REPORTADA
2019-08-18 00:00:00,BOGOTÁ D.C.,BELLA SUIZA E-1,URBANA,18.0,FEMENINO,NO REPORTADA
2019-08-18 00:00:00,BOGOTÁ D.C.,BELLA SUIZA E-1,URBANA,28.0,FEMENINO,SUPERIOR
2019-08-18 20:00:00,BOGOTÁ D.C.,BELLA SUIZA E-1,URBANA,9.0,FEMENINO,NO REPORTADA
2019-08-18 17:00:00,BOGOTÁ D.C.,BELLA SUIZA E-1,URBANA,13.0,FEMENINO,NO REPORTADA
2019-08-18 01:00:00,COGUA,VILLA NOHORA,URBANA,22.0,FEMENINO,SECUNDARIA
2019-08-18 17:00:00,FUNZA,VER. EL CERRITO,URBANA,13.0,FEMENINO,NO REPORTADA
2019-08-18 22:00:00,FUSAGASUGÁ,TIERRA GRATA,URBANA,3.0,FEMENINO,NO REPORTADA
2019-08-18 00:00:00,GIRARDOT,VER.GUABINAL,URBANA,18.0,FEMENINO,NO REPORTADA
2019-08-18 20:00:00,GUACHETÁ,EL TEJAR,URBANA,9.0,FEMENINO,PRIMARIA
2019-08-18 02:30:00,SAN ANTONIO DEL TEQUENDAMA,VER.QUINTA COLOMBIA,URBANA,3.0,FEMENINO,NO REPORTADA
2019-08-15 07:00:00,GACHALA,PUERTO ALACRANES,URBANA,8.0,MASCULINO,PRIMARIA
2019-08-15 16:00:00,SOACHA,JUAN PABLO I,URBANA,13.0,FEMENINO,NO REPORTADA
2019-08-20 00:00:00,BOGOTÁ D.C.,BELLA SUIZA E-1,URBANA,38.0,FEMENINO,PRIMARIA
2019-08-19 09:00:00,BOGOTÁ D.C.,BELLA SUIZA E-1,URBANA,23.0,FEMENINO,NO REPORTADA
2019-08-19 00:00:00,BOGOTÁ D.C.,BELLA SUIZA E-1,URBANA,20.0,FEMENINO,SUPERIOR
2019-08-19 00:00:00,BOGOTÁ D.C.,BELLA SUIZA E-1,URBANA,13.0,FEMENINO,SECUNDARIA
2019-08-19 00:00:00,BOGOTÁ D.C.,BELLA SUIZA E-1,URBANA,0.0,FEMENINO,NO REPORTADA
2019-08-19 00:00:00,BOGOTÁ D.C.,BELLA SUIZA E-1,URBANA,9.0,FEMENINO,PRIMARIA
2019-08-19 00:00:00,BOGOTÁ D.C.,BELLA SUIZA E-1,URBANA,12.0,FEMENINO,PRIMARIA
2019-08-19 22:30:00,BOGOTÁ D.C.,BELLA SUIZA E-1,URBANA,39.0,FEMENINO,NO REPORTADA
2019-08-19 00:00:00,BOGOTÁ D.C.,BELLA SUIZA E-1,URBANA,9.0,FEMENINO,PRIMARIA
2019-08-19 00:00:00,GACHETÁ,SIMON BOLIVAR,URBANA,13.0,FEMENINO,SECUNDARIA
2019-08-19 00:00:00,LA MESA,CENTRO,URBANA,11.0,FEMENINO,NO REPORTADA
2019-08-19 14:00:00,PUERTO SALGAR,6 DE ENERO,URBANA,13.0,FEMENINO,NO REPORTADA
2019-08-19 23:00:00,SIMIJACA,VER.APOSENTO,URBANA,14.0,FEMENINO,NO REPORTADA
2019-08-19 23:00:00,SIMIJACA,VER.APOSENTO,URBANA,38.0,FEMENINO,PRIMARIA
2019-08-19 08:00:00,SOACHA,JUAN PABLO I,URBANA,20.0,FEMENINO,NO REPORTADA
2019-08-20 15:00:00,BOGOTÁ D.C.,BELLA SUIZA E-1,URBANA,18.0,FEMENINO,SECUNDARIA
2019-08-20 00:00:00,BOGOTÁ D.C.,BELLA SUIZA E-1,URBANA,18.0,FEMENINO,NO REPORTADA
2019-08-20 00:00:00,BOGOTÁ D.C.,BELLA SUIZA E-1,URBANA,0.0,FEMENINO,NO REPORTADA
2019-08-20 15:00:00,BOGOTÁ D.C.,BELLA SUIZA E-1,URBANA,18.0,MASCULINO,NO REPORTADA
2019-08-20 00:00:00,BOGOTÁ D.C.,BELLA SUIZA E-1,URBANA,3.0,FEMENINO,NO REPORTADA
2019-08-20 00:00:00,BOGOTÁ D.C.,BELLA SUIZA E-1,URBANA,4.0,FEMENINO,NO REPORTADA
2019-08-20 00:00:00,BOGOTÁ D.C.,BELLA SUIZA E-1,URBANA,9.0,FEMENINO,NO REPORTADA
2019-08-20 00:00:00,BOGOTÁ D.C.,BELLA SUIZA E-1,URBANA,18.0,FEMENINO,NO REPORTADA
2019-08-20 00:00:00,BOGOTÁ D.C.,BELLA SUIZA E-1,URBANA,18.0,FEMENINO,NO REPORTADA
2019-08-20 00:00:00,BOGOTÁ D.C.,BELLA SUIZA E-1,URBANA,13.0,FEMENINO,NO REPORTADA
2019-08-20 00:00:00,BOGOTÁ D.C.,BELLA SUIZA E-1,URBANA,24.0,FEMENINO,NO REPORTADA
2019-08-20 00:00:00,BOGOTÁ D.C.,BELLA SUIZA E-1,URBANA,18.0,MASCULINO,NO REPORTADA
2019-08-20 00:00:00,BOGOTÁ D.C.,BELLA SUIZA E-1,URBANA,4.0,FEMENINO,NO REPORTADA
2019-08-20 10:00:00,BOGOTÁ D.C.,BELLA SUIZA E-1,URBANA,11.0,FEMENINO,PRIMARIA
2019-08-20 09:00:00,BOGOTÁ D.C.,BELLA SUIZA E-1,URBANA,7.0,FEMENINO,PRIMARIA
2019-08-20 09:00:00,BOGOTÁ D.C.,BELLA SUIZA E-1,URBANA,12.0,FEMENINO,NO REPORTADA
2019-08-20 10:30:00,BOGOTÁ D.C.,BELLA SUIZA E-1,URBANA,9.0,FEMENINO,NO REPORTADA
2019-08-20 00:00:00,BOGOTÁ D.C.,BELLA SUIZA E-1,URBANA,18.0,FEMENINO,NO REPORTADA
2019-08-20 00:00:00,BOGOTÁ D.C.,BELLA SUIZA E-1,URBANA,18.0,FEMENINO,NO REPORTADA
2019-08-20 08:00:00,BOGOTÁ D.C.,VITELMA E-4,URBANA,50.0,FEMENINO,SUPERIOR
2019-08-20 03:40:00,COTA,VER. MOYA,URBANA,19.0,FEMENINO,NO REPORTADA
2019-08-20 11:00:00,FUSAGASUGÁ,TIERRA GRATA,URBANA,13.0,FEMENINO,NO REPORTADA
2019-08-20 00:00:00,GUADUAS,DIANA TURBAY,URBANA,10.0,FEMENINO,NO REPORTADA
2019-08-20 00:00:00,GUADUAS,DIANA TURBAY,URBANA,10.0,FEMENINO,NO REPORTADA
2019-08-20 09:00:00,GUADUAS,DIANA TURBAY,URBANA,11.0,FEMENINO,NO REPORTADA
2019-08-21 18:00:00,BOGOTÁ D.C.,BELLA SUIZA E-1,URBANA,16.0,FEMENINO,NO REPORTADA
2019-08-21 17:45:00,BOGOTÁ D.C.,BELLA SUIZA E-1,URBANA,18.0,FEMENINO,TECNICO
2019-08-21 00:00:00,BOGOTÁ D.C.,BELLA SUIZA E-1,URBANA,23.0,FEMENINO,SECUNDARIA
2019-08-21 00:00:00,BOGOTÁ D.C.,BELLA SUIZA E-1,URBANA,18.0,FEMENINO,NO REPORTADA
2019-08-21 00:00:00,BOGOTÁ D.C.,BELLA SUIZA E-1,URBANA,18.0,FEMENINO,NO REPORTADA
2019-08-21 00:00:00,BOGOTÁ D.C.,BELLA SUIZA E-1,URBANA,18.0,FEMENINO,NO REPORTADA
2019-08-21 23:00:00,BOGOTÁ D.C.,BELLA SUIZA E-1,URBANA,23.0,FEMENINO,SECUNDARIA
2019-08-21 00:00:00,BOGOTÁ D.C.,BELLA SUIZA E-1,URBANA,18.0,MASCULINO,NO REPORTADA
2019-08-21 00:00:00,BOGOTÁ D.C.,BELLA SUIZA E-1,URBANA,5.0,FEMENINO,NO REPORTADA
2019-08-21 00:00:00,BOGOTÁ D.C.,BELLA SUIZA E-1,URBANA,6.0,FEMENINO,NO REPORTADA
2019-08-21 00:00:00,BOGOTÁ D.C.,BELLA SUIZA E-1,URBANA,11.0,FEMENINO,SECUNDARIA
2019-08-21 00:00:00,BOGOTÁ D.C.,BELLA SUIZA E-1,URBANA,9.0,FEMENINO,NO REPORTADA
2019-08-21 00:00:00,BOGOTÁ D.C.,BELLA SUIZA E-1,URBANA,18.0,FEMENINO,NO REPORTADA
2019-08-21 00:00:00,BOGOTÁ D.C.,BELLA SUIZA E-1,URBANA,18.0,MASCULINO,NO REPORTADA
2019-08-21 00:10:00,BOGOTÁ D.C.,BELLA SUIZA E-1,URBANA,12.0,FEMENINO,NO REPORTADA
2019-08-21 17:04:00,BOGOTÁ D.C.,BELLA SUIZA E-1,URBANA,15.0,FEMENINO,PRIMARIA
2019-08-21 00:30:00,BOGOTÁ D.C.,BELLA SUIZA E-1,URBANA,19.0,FEMENINO,SUPERIOR
2019-08-21 16:00:00,BOGOTÁ D.C.,SAN CARLOS E-6,URBANA,30.0,FEMENINO,TECNICO
2019-08-21 15:00:00,BOGOTÁ D.C.,BELLA SUIZA E-1,URBANA,15.0,FEMENINO,NO REPORTADA
2019-08-21 00:45:00,GIRARDOT,VER.GUABINAL,URBANA,15.0,FEMENINO,SECUNDARIA
2019-08-21 00:00:00,NARIÑO,CENTRO,URBANA,14.0,FEMENINO,NO REPORTADA
2019-08-21 08:00:00,ZIPAQUIRÁ,SAN CARLOS,URBANA,14.0,FEMENINO,NO REPORTADA
2019-08-22 21:30:00,BOGOTÁ D.C.,BELLA SUIZA E-1,URBANA,18.0,FEMENINO,NO REPORTADA
2019-08-22 10:30:00,BOGOTÁ D.C.,BELLA SUIZA E-1,URBANA,15.0,FEMENINO,NO REPORTADA
2019-08-22 00:00:00,BOGOTÁ D.C.,BELLA SUIZA E-1,URBANA,18.0,FEMENINO,NO REPORTADA
2019-08-22 00:00:00,BOGOTÁ D.C.,BELLA SUIZA E-1,URBANA,25.0,FEMENINO,SUPERIOR
2019-08-22 00:00:00,BOGOTÁ D.C.,BELLA SUIZA E-1,URBANA,13.0,FEMENINO,PRIMARIA
2019-08-22 18:30:00,BOGOTÁ D.C.,BELLA SUIZA E-1,URBANA,6.0,MASCULINO,NO REPORTADA
2019-08-22 00:00:00,BOGOTÁ D.C.,BELLA SUIZA E-1,URBANA,5.0,MASCULINO,PRIMARIA
2019-08-22 00:00:00,BOGOTÁ D.C.,BELLA SUIZA E-1,URBANA,14.0,FEMENINO,NO REPORTADA
2019-08-22 10:00:00,BOGOTÁ D.C.,BELLA SUIZA E-1,URBANA,15.0,FEMENINO,NO REPORTADA
2019-08-22 09:00:00,BOGOTÁ D.C.,BELLA SUIZA E-1,URBANA,12.0,FEMENINO,PRIMARIA
2019-08-22 14:00:00,BOGOTÁ D.C.,BELLA SUIZA E-1,URBANA,12.0,FEMENINO,SECUNDARIA
2019-08-22 00:00:00,BOGOTÁ D.C.,BELLA SUIZA E-1,URBANA,40.0,FEMENINO,NO REPORTADA
2019-08-22 18:00:00,BOGOTÁ D.C.,BELLA SUIZA E-1,URBANA,18.0,FEMENINO,NO REPORTADA
2019-08-22 18:15:00,BOGOTÁ D.C.,EL VIRREY E-5,URBANA,16.0,FEMENINO,SECUNDARIA
2019-08-22 18:15:00,BOGOTÁ D.C.,EL VIRREY E-5,URBANA,18.0,FEMENINO,SECUNDARIA
2019-08-22 02:00:00,BOGOTÁ D.C.,BELLA SUIZA E-1,URBANA,28.0,FEMENINO,SECUNDARIA
2019-08-22 15:00:00,BOGOTÁ D.C.,BELLA SUIZA E-1,URBANA,12.0,FEMENINO,NO REPORTADA
2019-08-22 12:40:00,CAQUEZA,EL PALMAR,URBANA,11.0,FEMENINO,NO REPORTADA
2019-08-22 16:30:00,NEMOCÓN,VER.CASA BLANCA,URBANA,12.0,FEMENINO,NO REPORTADA
2019-08-23 21:39:00,BOGOTÁ D.C.,BELLA SUIZA E-1,URBANA,17.0,FEMENINO,NO REPORTADA
2019-08-23 00:00:00,BOGOTÁ D.C.,BELLA SUIZA E-1,URBANA,30.0,FEMENINO,NO REPORTADA
2019-08-23 15:00:00,BOGOTÁ D.C.,BELLA SUIZA E-1,URBANA,21.0,MASCULINO,NO REPORTADA
2019-08-23 10:00:00,BOGOTÁ D.C.,BELLA SUIZA E-1,URBANA,52.0,FEMENINO,NO REPORTADA
2019-08-23 00:00:00,BOGOTÁ D.C.,BELLA SUIZA E-1,URBANA,18.0,MASCULINO,NO REPORTADA
2019-08-23 00:00:00,BOGOTÁ D.C.,BELLA SUIZA E-1,URBANA,18.0,FEMENINO,NO REPORTADA
2019-08-23 00:00:00,BOGOTÁ D.C.,BELLA SUIZA E-1,URBANA,18.0,MASCULINO,NO REPORTADA
2019-08-23 16:00:00,BOGOTÁ D.C.,BELLA SUIZA E-1,URBANA,13.0,FEMENINO,NO REPORTADA
2019-08-23 00:00:00,BOGOTÁ D.C.,BELLA SUIZA E-1,URBANA,7.0,MASCULINO,PRIMARIA
2019-08-23 00:00:00,BOGOTÁ D.C.,BELLA SUIZA E-1,URBANA,13.0,FEMENINO,SECUNDARIA
2019-08-23 00:00:00,BOGOTÁ D.C.,BELLA SUIZA E-1,URBANA,18.0,FEMENINO,NO REPORTADA
2019-08-23 00:00:00,BOGOTÁ D.C.,BELLA SUIZA E-1,URBANA,18.0,FEMENINO,NO REPORTADA
2019-08-23 00:00:00,BOGOTÁ D.C.,BELLA SUIZA E-1,URBANA,,NO REPORTADA,NO REPORTADA
2019-08-23 00:00:00,BOGOTÁ D.C.,BELLA SUIZA E-1,URBANA,18.0,MASCULINO,NO REPORTADA
2019-08-23 15:00:00,BOGOTÁ D.C.,BELLA SUIZA E-1,URBANA,12.0,FEMENINO,PRIMARIA
2019-08-23 01:54:00,BOGOTÁ D.C.,BELLA SUIZA E-1,URBANA,15.0,FEMENINO,NO REPORTADA
2019-08-23 00:00:00,BOGOTÁ D.C.,BELLA SUIZA E-1,URBANA,8.0,FEMENINO,PRIMARIA
2019-08-23 15:00:00,BOGOTÁ D.C.,BELLA SUIZA E-1,URBANA,3.0,MASCULINO,NO REPORTADA
2019-08-23 00:00:00,BOGOTÁ D.C.,BELLA SUIZA E-1,URBANA,8.0,FEMENINO,PRIMARIA
2019-08-23 00:00:00,BOGOTÁ D.C.,BELLA SUIZA E-1,URBANA,16.0,FEMENINO,SECUNDARIA
2019-08-23 16:00:00,BOGOTÁ D.C.,BELLA SUIZA E-1,URBANA,13.0,FEMENINO,NO REPORTADA
2019-08-23 11:30:00,CAJICÁ,VER.MANA,URBANA,13.0,FEMENINO,NO REPORTADA
2019-08-23 08:00:00,EL COLEGIO,BELLO HORIZONTE,URBANA,12.0,FEMENINO,NO REPORTADA
2019-08-23 00:00:00,LA MESA,CENTRO,URBANA,5.0,FEMENINO,NO REPORTADA
2019-08-23 20:00:00,MOSQUERA,EL PORTAL DEL CERRITO,URBANA,2.0,FEMENINO,NO REPORTADA
2019-08-23 11:00:00,NEMOCÓN,VER.CASA BLANCA,URBANA,17.0,FEMENINO,SECUNDARIA
2019-08-23 00:00:00,SOACHA,LEON XIII,URBANA,33.0,FEMENINO,SECUNDARIA
2019-08-23 00:00:00,SUBACHOQUE,CENTRO,URBANA,11.0,FEMENINO,NO REPORTADA
2019-08-20 10:30:00,BOGOTÁ D.C.,BELLA SUIZA E-1,URBANA,11.0,FEMENINO,NO REPORTADA
2019-08-24 00:00:00,TENJO,INSP. LA PUNTA,URBANA,15.0,FEMENINO,NO REPORTADA
2019-08-25 18:00:00,BOGOTÁ D.C.,BELLA SUIZA E-1,URBANA,22.0,MASCULINO,NO REPORTADA
2019-08-25 20:00:00,BOGOTÁ D.C.,BELLA SUIZA E-1,URBANA,11.0,MASCULINO,NO REPORTADA
2019-08-25 18:00:00,BOGOTÁ D.C.,BELLA SUIZA E-1,URBANA,4.0,MASCULINO,NO REPORTADA
2019-08-25 22:00:00,BOGOTÁ D.C.,SAN BERNARDINO E-7,URBANA,36.0,MASCULINO,PRIMARIA
2019-08-25 16:30:00,BOGOTÁ D.C.,BELLA SUIZA E-1,URBANA,11.0,FEMENINO,NO REPORTADA
2019-08-25 00:00:00,BOGOTÁ D.C.,BELLA SUIZA E-1,URBANA,13.0,FEMENINO,NO REPORTADA
2019-08-25 18:30:00,BOGOTÁ D.C.,BELLA SUIZA E-1,URBANA,15.0,MASCULINO,NO REPORTADA
2019-08-25 10:00:00,BOGOTÁ D.C.,SANTA ROSA E-11,URBANA,13.0,FEMENINO,SECUNDARIA
2019-08-25 00:00:00,CHÍA,SANTA LUCIA,URBANA,5.0,FEMENINO,PRIMARIA
2019-08-25 19:30:00,CHIPAQUE,CENTRO,URBANA,15.0,FEMENINO,SECUNDARIA
2019-08-25 10:00:00,EL ROSAL,CAMPO ALEGRE,URBANA,18.0,FEMENINO,NO REPORTADA
2019-08-25 23:00:00,FACATATIVÁ,LLANO POPULAR,URBANA,18.0,FEMENINO,SECUNDARIA
2019-08-25 03:50:00,PACHO,NARIÑO,URBANA,16.0,FEMENINO,NO REPORTADA
2019-08-25 00:00:00,SASAIMA,SAN CARLOS,URBANA,4.0,FEMENINO,NO REPORTADA
2019-08-25 00:00:00,SOACHA,JUAN PABLO I,URBANA,9.0,FEMENINO,NO REPORTADA
2019-08-26 00:00:00,BOGOTÁ D.C.,BELLA SUIZA E-1,URBANA,15.0,FEMENINO,NO REPORTADA
2019-08-26 00:00:00,BOGOTÁ D.C.,BELLA SUIZA E-1,URBANA,18.0,FEMENINO,NO REPORTADA
2019-08-26 00:00:00,BOGOTÁ D.C.,BELLA SUIZA E-1,URBANA,12.0,FEMENINO,NO REPORTADA
2019-08-26 00:00:00,BOGOTÁ D.C.,BELLA SUIZA E-1,URBANA,18.0,MASCULINO,NO REPORTADA
2019-08-26 13:00:00,BOGOTÁ D.C.,BELLA SUIZA E-1,URBANA,12.0,FEMENINO,PRIMARIA
2019-08-26 00:00:00,BOGOTÁ D.C.,BELLA SUIZA E-1,URBANA,13.0,FEMENINO,NO REPORTADA
2019-08-26 00:00:00,BOGOTÁ D.C.,BELLA SUIZA E-1,URBANA,11.0,FEMENINO,NO REPORTADA
2019-08-26 00:00:00,BOGOTÁ D.C.,BELLA SUIZA E-1,URBANA,18.0,MASCULINO,NO REPORTADA
2019-08-26 08:30:00,BOGOTÁ D.C.,BELLA SUIZA E-1,URBANA,12.0,FEMENINO,SECUNDARIA
2019-08-26 00:00:00,BOGOTÁ D.C.,BELLA SUIZA E-1,URBANA,15.0,FEMENINO,NO REPORTADA
2019-08-26 15:00:00,BOGOTÁ D.C.,BELLA SUIZA E-1,URBANA,16.0,FEMENINO,PRIMARIA
2019-08-26 21:00:00,COTA,VER. MOYA,URBANA,3.0,FEMENINO,NO REPORTADA
2019-08-26 00:00:00,CUCUNUBÁ,VER. BUITA,URBANA,13.0,FEMENINO,NO REPORTADA
2019-08-26 08:00:00,FACATATIVÁ,LLANO POPULAR,URBANA,17.0,FEMENINO,NO REPORTADA
2019-08-26 00:40:00,SOACHA,JUAN PABLO I,URBANA,16.0,FEMENINO,NO REPORTADA
2019-08-26 20:00:00,TAUSA,VER.LAGUNITAS,URBANA,11.0,FEMENINO,NO REPORTADA
2019-08-27 00:00:00,BOGOTÁ D.C.,BELLA SUIZA E-1,URBANA,15.0,FEMENINO,NO REPORTADA
2019-08-27 00:00:00,BOGOTÁ D.C.,BELLA SUIZA E-1,URBANA,18.0,FEMENINO,NO REPORTADA
2019-08-27 00:00:00,BOGOTÁ D.C.,BELLA SUIZA E-1,URBANA,18.0,FEMENINO,NO REPORTADA
2019-08-27 00:00:00,BOGOTÁ D.C.,BELLA SUIZA E-1,URBANA,18.0,FEMENINO,NO REPORTADA
2019-08-27 11:00:00,BOGOTÁ D.C.,BELLA SUIZA E-1,URBANA,15.0,FEMENINO,NO REPORTADA
2019-08-27 16:00:00,BOGOTÁ D.C.,BELLA SUIZA E-1,URBANA,14.0,FEMENINO,NO REPORTADA
2019-08-27 00:00:00,BOGOTÁ D.C.,BELLA SUIZA E-1,URBANA,6.0,MASCULINO,PRIMARIA
2019-08-27 00:00:00,BOGOTÁ D.C.,BELLA SUIZA E-1,URBANA,12.0,FEMENINO,SECUNDARIA
2019-08-27 00:00:00,BOGOTÁ D.C.,BELLA SUIZA E-1,URBANA,18.0,FEMENINO,NO REPORTADA
2019-08-27 00:00:00,BOGOTÁ D.C.,BELLA SUIZA E-1,URBANA,18.0,MASCULINO,NO REPORTADA
2019-08-27 00:00:00,BOGOTÁ D.C.,BELLA SUIZA E-1,URBANA,14.0,FEMENINO,NO REPORTADA
2019-08-27 00:00:00,BOGOTÁ D.C.,BELLA SUIZA E-1,URBANA,18.0,FEMENINO,NO REPORTADA
2019-08-27 00:00:00,BOGOTÁ D.C.,BELLA SUIZA E-1,URBANA,18.0,FEMENINO,NO REPORTADA
2019-08-27 09:00:00,BOGOTÁ D.C.,BELLA SUIZA E-1,URBANA,11.0,FEMENINO,SECUNDARIA
2019-08-27 19:00:00,BOGOTÁ D.C.,BELLA SUIZA E-1,URBANA,13.0,FEMENINO,NO REPORTADA
2019-08-27 13:00:00,BOGOTÁ D.C.,BELLA SUIZA E-1,URBANA,4.0,FEMENINO,NO REPORTADA
2019-08-27 00:00:00,BOGOTÁ D.C.,BELLA SUIZA E-1,URBANA,17.0,FEMENINO,SECUNDARIA
2019-08-27 08:00:00,GIRARDOT,VER.GUABINAL,URBANA,9.0,FEMENINO,PRIMARIA
2019-08-27 13:10:00,SOACHA,JUAN PABLO I,URBANA,18.0,FEMENINO,NO REPORTADA
2019-08-27 00:00:00,SOACHA,JUAN PABLO I,URBANA,12.0,FEMENINO,SECUNDARIA
2019-08-27 10:45:00,SOACHA,SAN MATEO,URBANA,16.0,FEMENINO,SECUNDARIA
2019-08-28 14:00:00,BOGOTÁ D.C.,BELLA SUIZA E-1,URBANA,18.0,FEMENINO,SECUNDARIA
2019-08-28 17:00:00,BOGOTÁ D.C.,BELLA SUIZA E-1,URBANA,13.0,FEMENINO,NO REPORTADA
2019-08-28 13:00:00,BOGOTÁ D.C.,BELLA SUIZA E-1,URBANA,13.0,FEMENINO,NO REPORTADA
2019-08-28 07:30:00,BOGOTÁ D.C.,BELLA SUIZA E-1,URBANA,12.0,FEMENINO,NO REPORTADA
2019-08-28 00:00:00,BOGOTÁ D.C.,BELLA SUIZA E-1,URBANA,1.0,MASCULINO,NO REPORTADA
2019-08-28 00:00:00,BOGOTÁ D.C.,BELLA SUIZA E-1,URBANA,5.0,MASCULINO,PRIMARIA
2019-08-28 00:00:00,BOGOTÁ D.C.,BELLA SUIZA E-1,URBANA,6.0,FEMENINO,NO REPORTADA
2019-08-28 00:00:00,BOGOTÁ D.C.,BELLA SUIZA E-1,URBANA,9.0,FEMENINO,NO REPORTADA
2019-08-28 00:00:00,BOGOTÁ D.C.,BELLA SUIZA E-1,URBANA,18.0,FEMENINO,NO REPORTADA
2019-08-28 00:00:00,BOGOTÁ D.C.,BELLA SUIZA E-1,URBANA,18.0,FEMENINO,NO REPORTADA
2019-08-28 00:00:00,BOGOTÁ D.C.,BELLA SUIZA E-1,URBANA,18.0,FEMENINO,NO REPORTADA
2019-08-28 20:00:00,BOGOTÁ D.C.,BELLA SUIZA E-1,URBANA,3.0,FEMENINO,NO REPORTADA
2019-08-28 16:00:00,BOGOTÁ D.C.,BELLA SUIZA E-1,URBANA,18.0,FEMENINO,NO REPORTADA
2019-08-28 14:00:00,BOGOTÁ D.C.,BELLA SUIZA E-1,URBANA,8.0,FEMENINO,PRIMARIA
2019-08-28 00:50:00,BOGOTÁ D.C.,BELLA SUIZA E-1,URBANA,13.0,FEMENINO,NO REPORTADA
2019-08-28 12:45:00,BOGOTÁ D.C.,MONTEBLANCO E-5,URBANA,8.0,FEMENINO,PRIMARIA
2019-08-28 10:00:00,BOGOTÁ D.C.,BELLA SUIZA E-1,URBANA,30.0,FEMENINO,NO REPORTADA
2019-08-28 20:00:00,COTA,VER. MOYA,URBANA,27.0,FEMENINO,NO REPORTADA
2019-08-28 14:00:00,FACATATIVÁ,LLANO POPULAR,URBANA,20.0,FEMENINO,SECUNDARIA
2019-08-28 16:00:00,FACATATIVÁ,LLANO POPULAR,URBANA,3.0,FEMENINO,NO REPORTADA
2019-08-28 16:00:00,FACATATIVÁ,LLANO POPULAR,URBANA,7.0,FEMENINO,PRIMARIA
2019-08-28 16:00:00,FACATATIVÁ,LLANO POPULAR,URBANA,11.0,FEMENINO,PRIMARIA
2019-08-28 11:35:00,FUSAGASUGÁ,TIERRA GRATA,URBANA,7.0,FEMENINO,NO REPORTADA
2019-08-28 08:00:00,GIRARDOT,VER.GUABINAL,URBANA,13.0,FEMENINO,SECUNDARIA
2019-08-28 08:00:00,GIRARDOT,VER.GUABINAL,URBANA,15.0,FEMENINO,SECUNDARIA
2019-08-28 19:00:00,GRANADA,EL TRIUNFO,URBANA,14.0,FEMENINO,NO REPORTADA
2019-08-28 00:00:00,SAN ANTONIO DEL TEQUENDAMA,VER.QUINTA COLOMBIA,URBANA,4.0,FEMENINO,PRIMARIA
2019-08-28 00:00:00,SAN ANTONIO DEL TEQUENDAMA,VER.QUINTA COLOMBIA,URBANA,6.0,FEMENINO,PRIMARIA
2019-08-28 08:00:00,SOACHA,JUAN PABLO I,URBANA,13.0,FEMENINO,NO REPORTADA
2019-08-28 18:00:00,TIBACUY,SIMON BOLIVAR,URBANA,17.0,FEMENINO,NO REPORTADA
2019-08-10 00:00:00,BOGOTÁ D.C.,BELLA SUIZA E-1,URBANA,18.0,FEMENINO,NO REPORTADA
2019-08-29 00:00:00,BOGOTÁ D.C.,BELLA SUIZA E-1,URBANA,20.0,FEMENINO,SUPERIOR
2019-08-29 00:00:00,BOGOTÁ D.C.,BELLA SUIZA E-1,URBANA,18.0,FEMENINO,NO REPORTADA
2019-08-29 16:00:00,BOGOTÁ D.C.,BELLA SUIZA E-1,URBANA,15.0,FEMENINO,SECUNDARIA
2019-08-29 00:00:00,BOGOTÁ D.C.,BELLA SUIZA E-1,URBANA,18.0,FEMENINO,NO REPORTADA
2019-08-29 00:00:00,BOGOTÁ D.C.,BELLA SUIZA E-1,URBANA,18.0,FEMENINO,NO REPORTADA
2019-08-29 18:17:00,BOGOTÁ D.C.,BELLA SUIZA E-1,URBANA,11.0,FEMENINO,NO REPORTADA
2019-08-09 20:00:00,ANAPOIMA,VER.EL ROSARIO,URBANA,12.0,FEMENINO,NO REPORTADA
2019-08-09 00:00:00,BOGOTÁ D.C.,BELLA SUIZA E-1,URBANA,21.0,FEMENINO,NO REPORTADA
2019-08-09 00:00:00,BOGOTÁ D.C.,BELLA SUIZA E-1,URBANA,22.0,FEMENINO,SECUNDARIA
2019-08-09 21:00:00,BOGOTÁ D.C.,BELLA SUIZA E-1,URBANA,17.0,FEMENINO,SECUNDARIA
2019-08-09 04:30:00,BOGOTÁ D.C.,BELLA SUIZA E-1,URBANA,37.0,FEMENINO,NO REPORTADA
2019-08-09 00:05:00,BOGOTÁ D.C.,BELLA SUIZA E-1,URBANA,25.0,FEMENINO,NO REPORTADA
2019-08-09 02:00:00,BOGOTÁ D.C.,BELLA SUIZA E-1,URBANA,29.0,FEMENINO,TECNICO
2019-08-09 15:26:00,BOGOTÁ D.C.,BELLA SUIZA E-1,URBANA,15.0,MASCULINO,NO REPORTADA
2019-08-09 04:12:00,BOGOTÁ D.C.,BELLA SUIZA E-1,URBANA,18.0,FEMENINO,NO REPORTADA
2019-08-09 16:15:00,BOGOTÁ D.C.,BILBAO E-11,URBANA,5.0,FEMENINO,NO REPORTADA
2019-08-09 20:00:00,BOGOTÁ D.C.,BELLA SUIZA E-1,URBANA,3.0,FEMENINO,NO REPORTADA
2019-08-09 13:00:00,BOGOTÁ D.C.,BELLA SUIZA E-1,URBANA,14.0,FEMENINO,NO REPORTADA
2019-08-09 00:00:00,BOGOTÁ D.C.,BELLA SUIZA E-1,URBANA,8.0,FEMENINO,NO REPORTADA
2019-08-09 00:00:00,BOGOTÁ D.C.,BELLA SUIZA E-1,URBANA,14.0,MASCULINO,SECUNDARIA
2019-08-09 10:00:00,BOGOTÁ D.C.,BELLA SUIZA E-1,URBANA,8.0,FEMENINO,PRIMARIA
2019-08-09 11:30:00,BOGOTÁ D.C.,BELLA SUIZA E-1,URBANA,8.0,FEMENINO,NO REPORTADA
2019-08-09 00:00:00,BOGOTÁ D.C.,BELLA SUIZA E-1,URBANA,32.0,FEMENINO,NO REPORTADA
2019-08-09 19:00:00,BOGOTÁ D.C.,BELLA SUIZA E-1,URBANA,26.0,MASCULINO,NO REPORTADA
2019-08-09 03:00:00,BOGOTÁ D.C.,BELLA SUIZA E-1,URBANA,23.0,FEMENINO,SUPERIOR
2019-08-09 05:28:00,GACHANCIPÁ,VER.SAN JOSE,RURAL,22.0,FEMENINO,SECUNDARIA
2019-08-09 04:30:00,LA MESA,CENTRO,URBANA,51.0,FEMENINO,NO REPORTADA
2019-08-09 15:00:00,SOACHA,JUAN PABLO I,URBANA,3.0,FEMENINO,NO REPORTADA
2019-08-09 21:00:00,SOACHA,JUAN PABLO I,URBANA,4.0,FEMENINO,NO REPORTADA
2019-08-24 00:00:00,BOGOTÁ D.C.,BELLA SUIZA E-1,URBANA,16.0,FEMENINO,SECUNDARIA
2019-08-24 00:00:00,BOGOTÁ D.C.,BELLA SUIZA E-1,URBANA,37.0,FEMENINO,NO REPORTADA
2019-08-24 11:00:00,BOGOTÁ D.C.,BELLA SUIZA E-1,URBANA,25.0,FEMENINO,SECUNDARIA
2019-08-24 00:30:00,BOGOTÁ D.C.,BELLA SUIZA E-1,URBANA,16.0,FEMENINO,NO REPORTADA
2019-08-24 18:30:00,BOGOTÁ D.C.,BELLA SUIZA E-1,URBANA,7.0,FEMENINO,NO REPORTADA
2019-08-24 21:00:00,BOGOTÁ D.C.,BELLA SUIZA E-1,URBANA,12.0,FEMENINO,SECUNDARIA
2019-08-24 16:32:00,BOGOTÁ D.C.,BELLA SUIZA E-1,URBANA,18.0,FEMENINO,NO REPORTADA
2019-08-24 11:00:00,BOGOTÁ D.C.,BELLA SUIZA E-1,URBANA,9.0,MASCULINO,NO REPORTADA
2019-08-24 11:00:00,BOGOTÁ D.C.,BELLA SUIZA E-1,URBANA,16.0,FEMENINO,NO REPORTADA
2019-08-24 11:00:00,BOGOTÁ D.C.,BELLA SUIZA E-1,URBANA,37.0,FEMENINO,NO REPORTADA
2019-08-24 18:30:00,BOGOTÁ D.C.,BELLA SUIZA E-1,URBANA,37.0,FEMENINO,SECUNDARIA
2019-08-24 07:00:00,BOGOTÁ D.C.,BELLA SUIZA E-1,URBANA,19.0,FEMENINO,NO REPORTADA
2019-08-24 19:00:00,BOGOTÁ D.C.,GARCES NAVAS E-10,URBANA,40.0,FEMENINO,SECUNDARIA
2019-08-24 00:00:00,BOJACÁ,GAITAN,URBANA,40.0,MASCULINO,NO REPORTADA
2019-08-24 15:30:00,BOJACÁ,GAITAN,URBANA,50.0,MASCULINO,NO REPORTADA
2019-08-24 00:00:00,FACATATIVÁ,LLANO POPULAR,URBANA,33.0,FEMENINO,SECUNDARIA
2019-08-24 03:00:00,FOSCA,VER. ARRAYANAL,URBANA,52.0,FEMENINO,NO REPORTADA
2019-08-24 22:00:00,NEMOCÓN,VER.CASA BLANCA,URBANA,37.0,FEMENINO,NO REPORTADA
2019-08-29 00:00:00,BOGOTÁ D.C.,BELLA SUIZA E-1,URBANA,4.0,FEMENINO,NO REPORTADA
2019-08-29 00:00:00,BOGOTÁ D.C.,BELLA SUIZA E-1,URBANA,4.0,MASCULINO,PRIMARIA
2019-08-29 00:00:00,BOGOTÁ D.C.,BELLA SUIZA E-1,URBANA,6.0,FEMENINO,NO REPORTADA
2019-08-29 00:00:00,BOGOTÁ D.C.,BELLA SUIZA E-1,URBANA,7.0,FEMENINO,NO REPORTADA
2019-08-29 00:00:00,BOGOTÁ D.C.,BELLA SUIZA E-1,URBANA,8.0,FEMENINO,NO REPORTADA
2019-08-29 00:00:00,BOGOTÁ D.C.,BELLA SUIZA E-1,URBANA,8.0,MASCULINO,NO REPORTADA
2019-08-29 00:00:00,BOGOTÁ D.C.,BELLA SUIZA E-1,URBANA,10.0,FEMENINO,NO REPORTADA
2019-08-29 00:00:00,BOGOTÁ D.C.,BELLA SUIZA E-1,URBANA,18.0,FEMENINO,NO REPORTADA
2019-08-29 00:00:00,BOGOTÁ D.C.,BELLA SUIZA E-1,URBANA,18.0,FEMENINO,NO REPORTADA
2019-08-29 00:00:00,BOGOTÁ D.C.,BELLA SUIZA E-1,URBANA,18.0,MASCULINO,NO REPORTADA
2019-08-29 00:00:00,BOGOTÁ D.C.,BELLA SUIZA E-1,URBANA,18.0,MASCULINO,NO REPORTADA
2019-08-29 10:00:00,BOGOTÁ D.C.,BELLA SUIZA E-1,URBANA,4.0,FEMENINO,NO REPORTADA
2019-08-29 09:00:00,BOGOTÁ D.C.,BELLA SUIZA E-1,URBANA,4.0,FEMENINO,NO REPORTADA
2019-08-29 17:00:00,BOGOTÁ D.C.,BELLA SUIZA E-1,URBANA,3.0,FEMENINO,NO REPORTADA
2019-08-29 22:00:00,BOGOTÁ D.C.,BELLA SUIZA E-1,URBANA,3.0,FEMENINO,NO REPORTADA
2019-08-29 10:00:00,BOGOTÁ D.C.,BELLA SUIZA E-1,URBANA,13.0,FEMENINO,NO REPORTADA
2019-08-29 00:15:00,BOGOTÁ D.C.,BELLA SUIZA E-1,URBANA,15.0,FEMENINO,NO REPORTADA
2019-08-29 18:00:00,BOGOTÁ D.C.,BELLA SUIZA E-1,URBANA,16.0,FEMENINO,SECUNDARIA
2019-08-29 09:00:00,BOGOTÁ D.C.,BELLA SUIZA E-1,URBANA,13.0,FEMENINO,NO REPORTADA
2019-08-29 09:00:00,BOGOTÁ D.C.,BELLA SUIZA E-1,URBANA,18.0,MASCULINO,NO REPORTADA
2019-08-29 00:00:00,CHÍA,SANTA LUCIA,URBANA,29.0,MASCULINO,TECNICO
2019-08-29 10:00:00,CHOCONTÁ,NARIÑO,URBANA,6.0,FEMENINO,PRIMARIA
2019-08-29 10:00:00,CHOCONTÁ,NARIÑO,URBANA,10.0,FEMENINO,PRIMARIA
2019-08-29 00:00:00,COTA,VER. MOYA,URBANA,21.0,FEMENINO,NO REPORTADA
2019-08-29 15:15:00,CUCUNUBÁ,VER. BUITA,URBANA,18.0,FEMENINO,NO REPORTADA
2019-08-29 09:00:00,FACATATIVÁ,LLANO POPULAR,URBANA,13.0,FEMENINO,PRIMARIA
2019-08-29 00:40:00,GACHANCIPÁ,BELEN,URBANA,16.0,FEMENINO,NO REPORTADA
2019-08-29 00:00:00,SAN BERNARDO,VER.EL CARMEN,URBANA,12.0,FEMENINO,NO REPORTADA
2019-08-30 20:00:00,BOGOTÁ D.C.,BELLA SUIZA E-1,URBANA,24.0,FEMENINO,SUPERIOR
2019-08-30 00:30:00,BOGOTÁ D.C.,BELLA SUIZA E-1,URBANA,21.0,MASCULINO,SECUNDARIA
2019-08-30 00:00:00,BOGOTÁ D.C.,BELLA SUIZA E-1,URBANA,18.0,FEMENINO,NO REPORTADA
2019-08-30 00:00:00,BOGOTÁ D.C.,BELLA SUIZA E-1,URBANA,18.0,FEMENINO,NO REPORTADA
2019-08-30 10:00:00,BOGOTÁ D.C.,BELLA SUIZA E-1,URBANA,11.0,MASCULINO,NO REPORTADA
2019-08-30 00:00:00,BOGOTÁ D.C.,BELLA SUIZA E-1,URBANA,18.0,FEMENINO,NO REPORTADA
2019-08-30 17:00:00,BOGOTÁ D.C.,BELLA SUIZA E-1,URBANA,12.0,FEMENINO,NO REPORTADA
2019-08-30 00:00:00,BOGOTÁ D.C.,BELLA SUIZA E-1,URBANA,11.0,FEMENINO,SECUNDARIA
2019-08-30 00:00:00,BOGOTÁ D.C.,BELLA SUIZA E-1,URBANA,13.0,FEMENINO,NO REPORTADA
2019-08-30 00:00:00,BOGOTÁ D.C.,BELLA SUIZA E-1,URBANA,18.0,FEMENINO,NO REPORTADA
2019-08-30 00:00:00,BOGOTÁ D.C.,BELLA SUIZA E-1,URBANA,18.0,FEMENINO,NO REPORTADA
2019-08-30 11:00:00,BOGOTÁ D.C.,BELLA SUIZA E-1,URBANA,3.0,MASCULINO,NO REPORTADA
2019-08-30 19:00:00,BOGOTÁ D.C.,BELLA SUIZA E-1,URBANA,3.0,FEMENINO,NO REPORTADA
2019-08-30 19:00:00,BOGOTÁ D.C.,BELLA SUIZA E-1,URBANA,4.0,FEMENINO,NO REPORTADA
2019-08-30 18:00:00,BOGOTÁ D.C.,BELLA SUIZA E-1,URBANA,18.0,FEMENINO,NO REPORTADA
2019-08-30 02:35:00,BOGOTÁ D.C.,EL PORVENIR E-5,URBANA,12.0,FEMENINO,SECUNDARIA
2019-08-30 00:00:00,BOGOTÁ D.C.,BELLA SUIZA E-1,URBANA,18.0,FEMENINO,NO REPORTADA
2019-08-30 11:00:00,BOGOTÁ D.C.,BELLA SUIZA E-1,URBANA,14.0,FEMENINO,SECUNDARIA
2019-08-30 19:00:00,BOGOTÁ D.C.,BELLA SUIZA E-1,URBANA,29.0,FEMENINO,PRIMARIA
2019-08-30 18:00:00,CAJICÁ,VER.MANA,URBANA,10.0,MASCULINO,PRIMARIA
2019-08-30 19:00:00,FACATATIVÁ,LLANO POPULAR,URBANA,6.0,FEMENINO,PRIMARIA
2019-08-30 07:30:00,FACATATIVÁ,LLANO POPULAR,URBANA,15.0,FEMENINO,SECUNDARIA
2019-08-30 08:00:00,FUNZA,VER. EL CERRITO,URBANA,18.0,FEMENINO,NO REPORTADA
2019-08-30 00:00:00,FUNZA,VER. EL CERRITO,URBANA,5.0,FEMENINO,NO REPORTADA
2019-08-30 09:00:00,GIRARDOT,VER.GUABINAL,URBANA,7.0,FEMENINO,NO REPORTADA
2019-08-30 00:00:00,SOACHA,JUAN PABLO I,URBANA,13.0,FEMENINO,NO REPORTADA
2019-08-30 00:00:00,SOACHA,JUAN PABLO I,URBANA,13.0,FEMENINO,SECUNDARIA
2019-08-31 00:00:00,BOGOTÁ D.C.,BELLA SUIZA E-1,URBANA,12.0,FEMENINO,NO REPORTADA
2019-08-31 00:00:00,BOGOTÁ D.C.,BELLA SUIZA E-1,URBANA,28.0,MASCULINO,SUPERIOR
2019-08-31 11:20:00,BOGOTÁ D.C.,BELLA SUIZA E-1,URBANA,18.0,FEMENINO,NO REPORTADA
2019-08-31 00:00:00,BOGOTÁ D.C.,BELLA SUIZA E-1,URBANA,7.0,FEMENINO,NO REPORTADA
2019-08-31 10:00:00,BOGOTÁ D.C.,BELLA SUIZA E-1,URBANA,16.0,FEMENINO,NO REPORTADA
2019-08-31 07:00:00,BOGOTÁ D.C.,BELLA SUIZA E-1,URBANA,6.0,FEMENINO,NO REPORTADA
2019-08-31 14:00:00,BOGOTÁ D.C.,BELLA SUIZA E-1,URBANA,18.0,FEMENINO,NO REPORTADA
2019-08-31 19:00:00,BOGOTÁ D.C.,BELLA SUIZA E-1,URBANA,1.0,FEMENINO,NO REPORTADA
2019-08-31 19:30:00,BOGOTÁ D.C.,BELLA SUIZA E-1,URBANA,9.0,FEMENINO,NO REPORTADA
2019-08-31 00:20:00,BOGOTÁ D.C.,BELLA SUIZA E-1,URBANA,4.0,MASCULINO,NO REPORTADA
2019-08-31 03:00:00,BOGOTÁ D.C.,BELLA SUIZA E-1,URBANA,27.0,MASCULINO,NO REPORTADA
2019-08-31 15:00:00,FUSAGASUGÁ,TIERRA GRATA,URBANA,32.0,FEMENINO,NO REPORTADA
2019-08-31 23:15:00,GUADUAS,DIANA TURBAY,URBANA,71.0,FEMENINO,NO REPORTADA
2019-08-31 18:00:00,LA CALERA,ALTO DE LA VIRGEN,URBANA,28.0,FEMENINO,NO REPORTADA
2019-08-31 00:00:00,MADRID,EL PINAR,URBANA,15.0,FEMENINO,NO REPORTADA
2019-08-31 04:34:00,SIBATÉ,VER.CHUSACA,URBANA,32.0,FEMENINO,TECNICO
2019-08-31 23:00:00,TOCANCIPÁ,VER.ÑA ESMERALDA,URBANA,18.0,FEMENINO,TECNICO
2019-08-10 00:00:00,BOGOTÁ D.C.,BELLA SUIZA E-1,URBANA,18.0,MASCULINO,NO REPORTADA
2019-08-10 00:00:00,BOGOTÁ D.C.,BELLA SUIZA E-1,URBANA,18.0,FEMENINO,NO REPORTADA
2019-08-10 00:00:00,BOGOTÁ D.C.,BELLA SUIZA E-1,URBANA,18.0,FEMENINO,NO REPORTADA
2019-08-10 00:00:00,BOGOTÁ D.C.,BELLA SUIZA E-1,URBANA,18.0,FEMENINO,NO REPORTADA
2019-08-10 00:00:00,BOGOTÁ D.C.,BELLA SUIZA E-1,URBANA,8.0,FEMENINO,NO REPORTADA
2019-08-10 00:00:00,BOGOTÁ D.C.,BELLA SUIZA E-1,URBANA,18.0,FEMENINO,NO REPORTADA
2019-08-10 00:00:00,BOGOTÁ D.C.,BELLA SUIZA E-1,URBANA,14.0,FEMENINO,NO REPORTADA
2019-08-10 00:00:00,BOGOTÁ D.C.,BELLA SUIZA E-1,URBANA,18.0,FEMENINO,NO REPORTADA
2019-08-10 10:30:00,BOGOTÁ D.C.,BELLA SUIZA E-1,URBANA,36.0,FEMENINO,TECNICO
2019-08-10 00:00:00,BOGOTÁ D.C.,BELLA SUIZA E-1,URBANA,18.0,FEMENINO,NO REPORTADA
2019-08-10 00:00:00,BOGOTÁ D.C.,BELLA SUIZA E-1,URBANA,16.0,FEMENINO,NO REPORTADA
2019-08-10 10:00:00,CACHIPAY,EL PROGRESO,URBANA,18.0,MASCULINO,NO REPORTADA
2019-08-10 17:00:00,MOSQUERA,EL PORTAL DEL CERRITO,URBANA,10.0,FEMENINO,NO REPORTADA
2019-08-10 10:39:00,MOSQUERA,EL PORTAL DEL CERRITO,URBANA,5.0,FEMENINO,NO REPORTADA
2019-08-10 10:39:00,MOSQUERA,EL PORTAL DEL CERRITO,URBANA,9.0,MASCULINO,NO REPORTADA
2019-08-10 00:00:00,SOACHA,JUAN PABLO I,URBANA,18.0,FEMENINO,NO REPORTADA
2019-08-10 00:00:00,VILLA DE SAN DIEGO DE UBATE,SAN FRANCISCO,URBANA,18.0,FEMENINO,PRIMARIA
2019-08-10 00:00:00,VILLAPINZÓN,BONAIRE,URBANA,13.0,FEMENINO,SECUNDARIA
2019-08-12 05:00:00,BOGOTÁ D.C.,BELLA SUIZA E-1,URBANA,37.0,FEMENINO,NO REPORTADA
2019-08-11 00:00:00,BOGOTÁ D.C.,BELLA SUIZA E-1,URBANA,22.0,FEMENINO,NO REPORTADA
2019-08-11 00:00:00,BOGOTÁ D.C.,BELLA SUIZA E-1,URBANA,57.0,MASCULINO,NO REPORTADA
2019-08-11 21:30:00,BOGOTÁ D.C.,BELLA SUIZA E-1,URBANA,15.0,FEMENINO,NO REPORTADA
2019-08-11 00:00:00,BOGOTÁ D.C.,BELLA SUIZA E-1,URBANA,40.0,FEMENINO,NO REPORTADA
2019-08-11 05:45:00,BOGOTÁ D.C.,BELLA SUIZA E-1,URBANA,15.0,FEMENINO,NO REPORTADA
2019-08-11 23:35:00,BOGOTÁ D.C.,BELLA SUIZA E-1,URBANA,20.0,FEMENINO,NO REPORTADA
2019-08-11 00:00:00,BOGOTÁ D.C.,BELLA SUIZA E-1,URBANA,12.0,FEMENINO,NO REPORTADA
2019-08-11 22:57:00,BOGOTÁ D.C.,BELLA SUIZA E-1,URBANA,2.0,FEMENINO,NO REPORTADA
2019-08-11 00:00:00,BOGOTÁ D.C.,BELLA SUIZA E-1,URBANA,11.0,FEMENINO,NO REPORTADA
2019-08-11 00:00:00,BOGOTÁ D.C.,BELLA SUIZA E-1,URBANA,13.0,FEMENINO,SECUNDARIA
2019-08-11 00:00:00,BOGOTÁ D.C.,BELLA SUIZA E-1,URBANA,10.0,MASCULINO,NO REPORTADA
2019-08-11 00:00:00,BOGOTÁ D.C.,BELLA SUIZA E-1,URBANA,13.0,FEMENINO,NO REPORTADA
2019-08-11 00:00:00,BOGOTÁ D.C.,BELLA SUIZA E-1,URBANA,13.0,FEMENINO,NO REPORTADA
2019-08-11 00:00:00,BOGOTÁ D.C.,BELLA SUIZA E-1,URBANA,40.0,FEMENINO,NO REPORTADA
2019-08-11 00:00:00,BOGOTÁ D.C.,BELLA SUIZA E-1,URBANA,40.0,MASCULINO,NO REPORTADA
2019-08-11 00:00:00,BOGOTÁ D.C.,BELLA SUIZA E-1,URBANA,39.0,MASCULINO,NO REPORTADA
2019-08-11 00:00:00,BOGOTÁ D.C.,BELLA SUIZA E-1,URBANA,39.0,FEMENINO,NO REPORTADA
2019-08-11 03:30:00,BOGOTÁ D.C.,BELLA SUIZA E-1,URBANA,18.0,FEMENINO,NO REPORTADA
2019-08-11 07:00:00,BOGOTÁ D.C.,BELLA SUIZA E-1,URBANA,39.0,FEMENINO,NO REPORTADA
2019-08-11 00:00:00,BOGOTÁ D.C.,BELLA SUIZA E-1,URBANA,15.0,FEMENINO,NO REPORTADA
2019-08-11 20:00:00,BOGOTÁ D.C.,RAFAEL NUNEZ E-13,URBANA,49.0,MASCULINO,SUPERIOR
2019-08-11 18:30:00,BOGOTÁ D.C.,CHAPINERO CENTRAL E-2,URBANA,24.0,FEMENINO,SECUNDARIA
2019-08-11 00:00:00,CUCUNUBÁ,VER. BUITA,URBANA,14.0,FEMENINO,NO REPORTADA
2019-08-11 08:00:00,FACATATIVÁ,LLANO POPULAR,URBANA,14.0,FEMENINO,PRIMARIA
2019-08-11 08:00:00,FACATATIVÁ,LLANO POPULAR,URBANA,14.0,FEMENINO,NO REPORTADA
2019-08-12 06:00:00,BOGOTÁ D.C.,BELLA SUIZA E-1,URBANA,2.0,MASCULINO,NO REPORTADA
2019-08-12 06:00:00,BOGOTÁ D.C.,BELLA SUIZA E-1,URBANA,19.0,FEMENINO,SECUNDARIA
2019-08-12 03:20:00,BOGOTÁ D.C.,BELLA SUIZA E-1,URBANA,23.0,FEMENINO,SUPERIOR
2019-08-12 05:00:00,BOGOTÁ D.C.,BELLA SUIZA E-1,URBANA,43.0,FEMENINO,NO REPORTADA
2019-08-12 15:00:00,BOGOTÁ D.C.,BELLA SUIZA E-1,URBANA,12.0,FEMENINO,SECUNDARIA
2019-08-12 00:00:00,BOGOTÁ D.C.,BELLA SUIZA E-1,URBANA,12.0,FEMENINO,SECUNDARIA
2019-08-12 00:00:00,BOGOTÁ D.C.,BELLA SUIZA E-1,URBANA,18.0,FEMENINO,NO REPORTADA
2019-08-12 10:00:00,BOGOTÁ D.C.,BELLA SUIZA E-1,URBANA,8.0,MASCULINO,PRIMARIA
2019-08-12 10:00:00,BOGOTÁ D.C.,BELLA SUIZA E-1,URBANA,13.0,FEMENINO,SECUNDARIA
2019-08-12 10:00:00,BOGOTÁ D.C.,BELLA SUIZA E-1,URBANA,15.0,FEMENINO,SECUNDARIA
2019-08-12 09:00:00,BOGOTÁ D.C.,BELLA SUIZA E-1,URBANA,11.0,FEMENINO,NO REPORTADA
2019-08-12 16:00:00,BOGOTÁ D.C.,BELLA SUIZA E-1,URBANA,9.0,MASCULINO,NO REPORTADA
2019-08-12 00:00:00,BOGOTÁ D.C.,BELLA SUIZA E-1,URBANA,10.0,FEMENINO,NO REPORTADA
2019-08-12 20:00:00,BOGOTÁ D.C.,BELLA SUIZA E-1,URBANA,15.0,FEMENINO,SECUNDARIA
2019-08-12 02:30:00,BOGOTÁ D.C.,BELLA SUIZA E-1,URBANA,16.0,FEMENINO,NO REPORTADA
2019-08-12 01:20:00,BOGOTÁ D.C.,BELLA SUIZA E-1,URBANA,23.0,FEMENINO,NO REPORTADA
2019-08-12 11:35:00,BOGOTÁ D.C.,VILLA MAYOR E-15,URBANA,41.0,FEMENINO,SUPERIOR
2019-08-12 11:00:00,FUNZA,VER. EL CERRITO,URBANA,13.0,FEMENINO,NO REPORTADA
2019-08-12 00:31:00,SOACHA,JUAN PABLO I,URBANA,21.0,FEMENINO,TECNICO
